date,open,high,low,close,volume,adjusted_close,currency
2021-06-24 00:00:00+05:30,301.0,361.2000122070313,295.0,361.2000122070313,41848082,354.1451416015625,INR
2021-06-25 00:00:00+05:30,387.8999938964844,413.8999938964844,355.45001220703125,364.7000122070313,30784367,357.5767822265625,INR
2021-06-28 00:00:00+05:30,357.0,361.7000122070313,337.29998779296875,347.5,5967165,340.7127380371094,INR
2021-06-29 00:00:00+05:30,345.0,352.0,340.8500061035156,349.1000061035156,2476272,342.2814636230469,INR
2021-06-30 00:00:00+05:30,350.75,359.0,341.29998779296875,342.29998779296875,983870,335.6142578125,INR
2021-07-01 00:00:00+05:30,342.0,350.0,333.25,344.95001220703125,1740419,338.2125549316406,INR
2021-07-02 00:00:00+05:30,343.0,385.0,341.29998779296875,377.4500122070313,4600866,370.0777282714844,INR
2021-07-05 00:00:00+05:30,381.3999938964844,387.8999938964844,366.5,383.0499877929688,3150274,375.568359375,INR
2021-07-06 00:00:00+05:30,382.6499938964844,395.7000122070313,376.0,388.0,3504682,380.4216613769531,INR
2021-07-07 00:00:00+05:30,384.25,420.7999877929688,378.5,405.3500061035156,5935443,397.4328308105469,INR
2021-07-08 00:00:00+05:30,404.75,412.3999938964844,396.1000061035156,402.4500122070313,2421453,394.5894165039063,INR
2021-07-09 00:00:00+05:30,400.0,426.7999877929688,398.0499877929688,422.25,3886823,414.0027160644531,INR
2021-07-12 00:00:00+05:30,424.8999938964844,427.0,402.0,409.1000061035156,1845286,401.1095275878906,INR
2021-07-13 00:00:00+05:30,411.0,415.5,400.3999938964844,402.0499877929688,1526457,394.197265625,INR
2021-07-14 00:00:00+05:30,404.9500122070313,406.9500122070313,399.0,401.7999877929688,625983,393.9521484375,INR
2021-07-15 00:00:00+05:30,404.7000122070313,409.2999877929688,392.2000122070313,394.7000122070313,727281,386.9908142089844,INR
2021-07-16 00:00:00+05:30,400.0,409.0,399.2000122070313,401.5,1023571,393.6579895019531,INR
2021-07-19 00:00:00+05:30,399.5,404.9500122070313,388.0,393.7999877929688,1220437,386.1083984375,INR
2021-07-20 00:00:00+05:30,401.7000122070313,456.8999938964844,392.0,439.8500061035156,8324982,431.2589416503906,INR
2021-07-22 00:00:00+05:30,428.0,452.0,411.1000061035156,440.5,9450575,431.896240234375,INR
2021-07-23 00:00:00+05:30,441.0,452.8999938964844,418.75,423.25,4378428,414.983154296875,INR
2021-07-26 00:00:00+05:30,424.0,424.0,402.6000061035156,405.5499877929688,3491888,397.62890625,INR
2021-07-27 00:00:00+05:30,408.0,415.4500122070313,393.8500061035156,396.6000061035156,2330599,388.8537292480469,INR
2021-07-28 00:00:00+05:30,400.4500122070313,424.2999877929688,395.5,418.75,4790986,410.5710754394531,INR
2021-07-29 00:00:00+05:30,420.75,438.9500122070313,416.1000061035156,435.3999938964844,2548002,426.8958740234375,INR
2021-07-30 00:00:00+05:30,432.8500061035156,443.9500122070313,426.7000122070313,439.25,1833069,430.6706848144531,INR
2021-08-02 00:00:00+05:30,442.6499938964844,454.25,435.5,439.25,2478124,430.6706848144531,INR
2021-08-03 00:00:00+05:30,443.0,446.7999877929688,432.2000122070313,436.0499877929688,909060,427.5331726074219,INR
2021-08-04 00:00:00+05:30,439.75,439.75,421.0,421.9500122070313,1674935,413.7085571289063,INR
2021-08-05 00:00:00+05:30,424.8999938964844,425.0,408.0,409.5,1476251,401.5017395019531,INR
2021-08-06 00:00:00+05:30,410.2000122070313,422.5,408.0,411.4500122070313,1736766,403.4136657714844,INR
2021-08-09 00:00:00+05:30,427.7000122070313,486.7000122070313,427.25,477.7999877929688,13161558,468.4676818847656,INR
2021-08-10 00:00:00+05:30,481.25,559.4000244140625,474.0,489.3500061035156,20850838,479.7921752929688,INR
2021-08-11 00:00:00+05:30,497.7999877929688,522.9000244140625,478.3500061035156,498.8999938964844,7578893,489.1555786132813,INR
2021-08-12 00:00:00+05:30,503.7000122070313,508.75,486.8500061035156,491.25,1918516,481.655029296875,INR
2021-08-13 00:00:00+05:30,494.1499938964844,517.4000244140625,494.1499938964844,501.7999877929688,2797664,491.99896240234375,INR
2021-08-16 00:00:00+05:30,503.5,542.0,493.0499877929688,516.25,5838267,506.166748046875,INR
2021-08-17 00:00:00+05:30,515.4000244140625,523.7999877929688,494.0,496.3500061035156,2846613,486.6553955078125,INR
2021-08-18 00:00:00+05:30,498.9500122070313,504.75,464.1000061035156,473.75,3623680,464.496826171875,INR
2021-08-20 00:00:00+05:30,467.6000061035156,493.0,463.0,466.3500061035156,2441515,457.2413330078125,INR
2021-08-23 00:00:00+05:30,472.1499938964844,480.8999938964844,438.1499938964844,445.2000122070313,2657952,436.5044250488281,INR
2021-08-24 00:00:00+05:30,448.6499938964844,456.5,440.2000122070313,450.1499938964844,2849668,441.3577880859375,INR
2021-08-25 00:00:00+05:30,457.0,491.1499938964844,455.25,472.3999938964844,4691070,463.1731872558594,INR
2021-08-26 00:00:00+05:30,475.0,484.0,466.1499938964844,471.5,2658679,462.290771484375,INR
2021-08-27 00:00:00+05:30,471.0,478.8999938964844,467.2000122070313,474.2000122070313,1346020,464.9380798339844,INR
2021-08-30 00:00:00+05:30,483.0,521.7000122070312,483.0,512.6500244140625,5769574,502.6370239257813,INR
2021-08-31 00:00:00+05:30,510.0,518.7999877929688,496.3999938964844,500.1000061035156,2502460,490.3321838378906,INR
2021-09-01 00:00:00+05:30,500.1000061035156,513.0999755859375,496.0,498.4500122070313,1701574,488.7144165039063,INR
2021-09-02 00:00:00+05:30,498.5,511.0,493.0,494.5499877929688,1525755,484.8905334472656,INR
2021-09-03 00:00:00+05:30,496.0,538.7999877929688,491.0,525.7000122070312,8377452,515.4321899414062,INR
2021-09-06 00:00:00+05:30,532.4000244140625,561.9000244140625,527.2999877929688,548.75,5941536,538.0318603515625,INR
2021-09-07 00:00:00+05:30,550.4500122070312,560.9000244140625,540.5999755859375,548.9000244140625,3524987,538.1790161132812,INR
2021-09-08 00:00:00+05:30,551.9000244140625,551.9000244140625,526.0999755859375,544.8499755859375,3217349,534.2080688476562,INR
2021-09-09 00:00:00+05:30,545.5,571.0,545.2000122070312,550.5,4521235,539.7476806640625,INR
2021-09-13 00:00:00+05:30,553.0,589.2999877929688,546.0,583.4500122070312,5695633,572.0542602539062,INR
2021-09-14 00:00:00+05:30,587.4500122070312,596.7999877929688,567.2000122070312,572.0,3046264,560.827880859375,INR
2021-09-15 00:00:00+05:30,575.4000244140625,589.2999877929688,567.2000122070312,582.4500122070312,3207889,571.07373046875,INR
2021-09-16 00:00:00+05:30,584.1500244140625,610.0,582.5499877929688,585.3499755859375,4361456,573.9170532226562,INR
2021-09-17 00:00:00+05:30,589.0,592.25,560.25,570.4000244140625,2113066,559.2592163085938,INR
2021-09-20 00:00:00+05:30,564.0,580.0,556.0999755859375,566.0999755859375,1784926,555.0430908203125,INR
2021-09-21 00:00:00+05:30,569.7999877929688,572.7000122070312,547.1500244140625,562.7999877929688,2457993,551.8074951171875,INR
2021-09-22 00:00:00+05:30,565.5999755859375,584.0,561.0499877929688,574.7999877929688,1786786,563.5731811523438,INR
2021-09-23 00:00:00+05:30,580.4500122070312,587.75,572.0999755859375,574.8499755859375,1348917,563.6220703125,INR
2021-09-24 00:00:00+05:30,576.7999877929688,578.75,555.0499877929688,558.0,1243064,547.101318359375,INR
2021-09-27 00:00:00+05:30,563.9000244140625,566.7999877929688,548.0,560.5,1602071,549.552490234375,INR
2021-09-28 00:00:00+05:30,563.0,564.4000244140625,552.7000122070312,556.25,1117400,545.3854370117188,INR
2021-09-29 00:00:00+05:30,553.0,573.7999877929688,551.0,563.25,1092189,552.2487182617188,INR
2021-09-30 00:00:00+05:30,565.4000244140625,566.7999877929688,554.9000244140625,555.8499755859375,628272,544.9931640625,INR
2021-10-01 00:00:00+05:30,551.0,571.8499755859375,549.2000122070312,562.5499877929688,1605653,551.5623779296875,INR
2021-10-04 00:00:00+05:30,564.0999755859375,581.7999877929688,564.0499877929688,575.2000122070312,1332619,563.96533203125,INR
2021-10-05 00:00:00+05:30,575.5999755859375,589.8499755859375,555.0,585.25,2312586,573.8189697265625,INR
2021-10-06 00:00:00+05:30,588.0,591.5,573.0,581.0499877929688,1145894,569.7010498046875,INR
2021-10-07 00:00:00+05:30,585.0,689.0,584.0,652.9500122070312,8928123,640.1967163085938,INR
2021-10-08 00:00:00+05:30,657.5999755859375,660.0,627.0499877929688,630.9500122070312,2400741,618.6264038085938,INR
2021-10-11 00:00:00+05:30,632.7999877929688,665.9500122070312,628.4000244140625,651.7999877929688,1912860,639.0691528320312,INR
2021-10-12 00:00:00+05:30,651.0,660.0,635.0,651.0,1197495,638.2847900390625,INR
2021-10-13 00:00:00+05:30,670.0,749.0,670.0,741.4000244140625,7037231,726.9191284179688,INR
2021-10-14 00:00:00+05:30,747.7000122070312,813.0,718.3499755859375,755.1500244140625,5972558,740.400634765625,INR
2021-10-18 00:00:00+05:30,762.0,805.9500122070312,755.0,765.6500244140625,2396092,750.6954956054688,INR
2021-10-19 00:00:00+05:30,771.4000244140625,773.2999877929688,674.0,697.5999755859375,1716466,683.9745483398438,INR
2021-10-20 00:00:00+05:30,691.9000244140625,694.0,630.0,643.3499755859375,4178371,630.7842407226562,INR
2021-10-21 00:00:00+05:30,643.2000122070312,653.4000244140625,601.0,625.1500244140625,2746143,612.939697265625,INR
2021-10-22 00:00:00+05:30,629.75,666.4500122070312,611.25,616.0999755859375,2566541,604.06640625,INR
2021-10-25 00:00:00+05:30,618.0,626.9000244140625,586.0,604.0,1874816,592.202880859375,INR
2021-10-26 00:00:00+05:30,608.0,654.0499877929688,608.0,639.2999877929688,3210594,626.813232421875,INR
2021-10-27 00:00:00+05:30,643.0,647.9000244140625,612.0,615.0499877929688,1718860,603.0369873046875,INR
2021-10-28 00:00:00+05:30,618.0,705.4000244140625,618.0,668.4000244140625,7525179,655.344970703125,INR
2021-10-29 00:00:00+05:30,664.0,678.0999755859375,637.2000122070312,647.7000122070312,2563167,635.04931640625,INR
2021-11-01 00:00:00+05:30,653.7000122070312,669.7999877929688,645.2000122070312,648.4000244140625,1838861,635.7357788085938,INR
2021-11-02 00:00:00+05:30,653.0,669.2000122070312,648.4000244140625,649.3499755859375,1857969,636.6671142578125,INR
2021-11-03 00:00:00+05:30,654.0,655.4500122070312,635.6500244140625,643.5499877929688,1127716,630.9803466796875,INR
2021-11-04 00:00:00+05:30,643.5499877929688,643.5499877929688,643.5499877929688,643.5499877929688,0,630.9803466796875,INR
2021-11-08 00:00:00+05:30,669.0,679.75,656.6500244140625,666.2999877929688,1739351,653.2859497070312,INR
2021-11-09 00:00:00+05:30,668.0,697.5499877929688,661.4000244140625,684.9500122070312,2961288,671.57177734375,INR
2021-11-10 00:00:00+05:30,680.0,701.0,676.2999877929688,686.6500244140625,1784031,673.238525390625,INR
2021-11-11 00:00:00+05:30,687.0,713.4000244140625,687.0,695.0,2305663,681.4254760742188,INR
2021-11-12 00:00:00+05:30,701.0,703.0999755859375,670.2000122070312,679.9500122070312,1816218,666.6694946289062,INR
2021-11-15 00:00:00+05:30,685.0999755859375,700.0,684.0,690.2999877929688,1495935,676.8172607421875,INR
2021-11-16 00:00:00+05:30,695.7999877929688,720.9000244140625,692.5,712.5999755859375,2855058,698.6817016601562,INR
2021-11-17 00:00:00+05:30,708.4000244140625,726.0,707.5999755859375,710.9000244140625,1717766,697.014892578125,INR
2021-11-18 00:00:00+05:30,713.7000122070312,719.9500122070312,690.0,710.0,2185044,696.1325073242188,INR
2021-11-22 00:00:00+05:30,716.4000244140625,723.7999877929688,681.3499755859375,696.3499755859375,2997923,682.7490234375,INR
2021-11-23 00:00:00+05:30,690.0,749.0,687.9000244140625,738.7000122070312,3179965,724.2719116210938,INR
2021-11-24 00:00:00+05:30,748.0999755859375,769.4000244140625,734.0499877929688,741.8499755859375,2527904,727.3602905273438,INR
2021-11-25 00:00:00+05:30,747.9000244140625,775.0,745.0,759.9500122070312,2012494,745.1068115234375,INR
2021-11-26 00:00:00+05:30,745.0,768.5,725.0499877929688,729.2999877929688,2200440,715.0554809570312,INR
2021-11-29 00:00:00+05:30,725.0,747.7999877929688,676.2000122070312,743.5,2865447,728.9780883789062,INR
2021-11-30 00:00:00+05:30,750.0,770.9500122070312,736.5499877929688,748.2999877929688,1737253,733.6844482421875,INR
2021-12-01 00:00:00+05:30,758.6500244140625,766.0,741.25,744.7000122070312,1408465,730.1546630859375,INR
2021-12-02 00:00:00+05:30,748.7999877929688,767.0,746.0499877929688,758.9500122070312,1741210,744.1263427734375,INR
2021-12-03 00:00:00+05:30,767.2999877929688,812.5,763.4000244140625,766.4000244140625,3977053,751.4309692382812,INR
2021-12-06 00:00:00+05:30,771.4000244140625,771.9500122070312,748.6500244140625,751.75,1219012,737.0670166015625,INR
2021-12-07 00:00:00+05:30,759.0999755859375,778.0,755.2000122070312,760.5499877929688,2180750,745.695068359375,INR
2021-12-08 00:00:00+05:30,772.0,778.0,763.75,771.4000244140625,1162024,756.3333129882812,INR
2021-12-09 00:00:00+05:30,782.0,817.9000244140625,772.5999755859375,776.0,5381019,760.8433227539062,INR
2021-12-10 00:00:00+05:30,777.9500122070312,792.0,775.25,789.2999877929688,1666681,773.8834838867188,INR
2021-12-13 00:00:00+05:30,797.7000122070312,829.5,795.4000244140625,822.7000122070312,4051746,806.6311645507812,INR
2021-12-14 00:00:00+05:30,822.4000244140625,839.9000244140625,795.0,799.5999755859375,3330102,783.9823608398438,INR
2021-12-15 00:00:00+05:30,805.7000122070312,809.9500122070312,790.7000122070312,796.7000122070312,1914028,781.1389770507812,INR
2021-12-16 00:00:00+05:30,806.9000244140625,807.25,776.0999755859375,779.5,1694604,764.2750244140625,INR
2021-12-17 00:00:00+05:30,778.5999755859375,798.9000244140625,741.25,755.8499755859375,12307302,741.0869140625,INR
2021-12-20 00:00:00+05:30,753.0,755.2999877929688,690.0,699.25,3720125,685.5924072265625,INR
2021-12-21 00:00:00+05:30,714.0,728.75,704.2000122070312,709.2999877929688,1682321,695.4461059570312,INR
2021-12-22 00:00:00+05:30,714.7999877929688,723.0,694.0,696.0999755859375,1580443,682.50390625,INR
2021-12-23 00:00:00+05:30,702.9000244140625,711.0,691.9000244140625,698.5,1653715,684.857177734375,INR
2021-12-24 00:00:00+05:30,703.75,717.7999877929688,680.1500244140625,712.75,2108002,698.8287963867188,INR
2021-12-27 00:00:00+05:30,712.0,716.0,694.4000244140625,704.5499877929688,1256299,690.788818359375,INR
2021-12-28 00:00:00+05:30,708.5,732.0,705.5,728.8499755859375,1299478,714.6142578125,INR
2021-12-29 00:00:00+05:30,730.0,734.5999755859375,706.25,709.4000244140625,1025937,695.544189453125,INR
2021-12-30 00:00:00+05:30,709.7999877929688,727.7000122070312,709.75,723.1500244140625,939497,709.025634765625,INR
2021-12-31 00:00:00+05:30,725.0,748.7000122070312,722.0,743.5499877929688,1533044,729.0272216796875,INR
2022-01-03 00:00:00+05:30,743.5499877929688,750.0,736.5499877929688,740.5499877929688,801634,726.085693359375,INR
2022-01-04 00:00:00+05:30,745.0,778.75,744.0,754.1500244140625,2515125,739.4201049804688,INR
2022-01-05 00:00:00+05:30,753.0,755.0,736.0,738.4500122070312,859528,724.0267944335938,INR
2022-01-06 00:00:00+05:30,732.0,735.0,718.0,732.2999877929688,1238144,717.9969482421875,INR
2022-01-07 00:00:00+05:30,735.0999755859375,744.4000244140625,727.1500244140625,734.1500244140625,802851,719.8107299804688,INR
2022-01-10 00:00:00+05:30,738.0,747.7999877929688,733.9000244140625,739.5,893975,725.0562133789062,INR
2022-01-11 00:00:00+05:30,740.0,769.0,740.0,756.0999755859375,1570079,741.33203125,INR
2022-01-12 00:00:00+05:30,763.0,776.0999755859375,741.0,759.4000244140625,2075189,744.5675659179688,INR
2022-01-13 00:00:00+05:30,759.0,759.4000244140625,746.0,751.75,805465,737.0670166015625,INR
2022-01-14 00:00:00+05:30,748.9500122070312,766.0,745.1500244140625,756.25,605337,741.4790649414062,INR
2022-01-17 00:00:00+05:30,763.0,794.7999877929688,762.0,770.25,1816236,755.2056884765625,INR
2022-01-18 00:00:00+05:30,774.0,789.7999877929688,764.0,770.7000122070312,1800340,755.64697265625,INR
2022-01-19 00:00:00+05:30,770.9500122070312,770.9500122070312,737.0499877929688,739.3499755859375,1244871,724.9091186523438,INR
2022-01-20 00:00:00+05:30,739.2999877929688,744.7999877929688,720.0,736.1500244140625,1261565,721.7716674804688,INR
2022-01-21 00:00:00+05:30,720.0499877929688,724.7999877929688,693.1500244140625,702.1500244140625,2285011,688.4359130859375,INR
2022-01-24 00:00:00+05:30,703.9000244140625,703.9000244140625,606.7999877929688,651.1500244140625,5574120,638.4320068359375,INR
2022-01-25 00:00:00+05:30,631.3499755859375,646.7999877929688,616.7999877929688,627.25,3610984,614.9987182617188,INR
2022-01-27 00:00:00+05:30,615.0,621.7999877929688,600.0,602.9000244140625,3135738,591.124267578125,INR
2022-01-28 00:00:00+05:30,611.5,656.0,611.25,625.4500122070312,3524513,613.2340087890625,INR
2022-01-31 00:00:00+05:30,643.0,649.8499755859375,635.5,642.3499755859375,1175644,629.8037719726562,INR
2022-02-01 00:00:00+05:30,653.5999755859375,669.0499877929688,643.0,663.9000244140625,1886495,650.9329223632812,INR
2022-02-02 00:00:00+05:30,640.0,679.9000244140625,640.0,675.6500244140625,2360278,662.4534301757812,INR
2022-02-03 00:00:00+05:30,680.5,699.5,670.2999877929688,686.4500122070312,1969604,673.0424194335938,INR
2022-02-04 00:00:00+05:30,688.0,689.5,667.7999877929688,682.0499877929688,895020,668.7283325195312,INR
2022-02-07 00:00:00+05:30,680.9500122070312,683.7000122070312,655.0,659.8499755859375,846598,646.9620361328125,INR
2022-02-08 00:00:00+05:30,668.25,671.7000122070312,622.0499877929688,625.4000244140625,1824482,613.1848754882812,INR
2022-02-09 00:00:00+05:30,635.5,650.0,627.7000122070312,648.0499877929688,995602,635.3924560546875,INR
2022-02-10 00:00:00+05:30,651.7000122070312,655.7000122070312,637.2000122070312,643.0499877929688,447740,630.490234375,INR
2022-02-11 00:00:00+05:30,632.0,637.9000244140625,627.5,631.75,658919,620.1533813476562,INR
2022-02-14 00:00:00+05:30,568.5499877929688,621.9000244140625,568.5499877929688,603.5999755859375,1723385,592.5201416015625,INR
2022-02-15 00:00:00+05:30,621.0,659.7000122070312,595.5999755859375,652.3499755859375,1867264,640.3751831054688,INR
2022-02-16 00:00:00+05:30,660.0,667.6500244140625,642.4000244140625,651.25,1181020,639.2953491210938,INR
2022-02-17 00:00:00+05:30,652.5999755859375,663.6500244140625,650.0,657.1500244140625,886645,645.0870971679688,INR
2022-02-18 00:00:00+05:30,647.0,663.0,644.0499877929688,656.5999755859375,622948,644.5471801757812,INR
2022-02-21 00:00:00+05:30,646.0,665.0,632.0,656.2000122070312,1012168,644.154541015625,INR
2022-02-22 00:00:00+05:30,615.0,651.7999877929688,615.0,634.25,1054831,622.607421875,INR
2022-02-23 00:00:00+05:30,642.7000122070312,652.1500244140625,634.0499877929688,637.5499877929688,484541,625.846923828125,INR
2022-02-24 00:00:00+05:30,605.0,619.0,582.0,595.9000244140625,2836671,584.96142578125,INR
2022-02-25 00:00:00+05:30,620.0,656.0,609.9500122070312,649.9500122070312,1181586,638.0192260742188,INR
2022-02-28 00:00:00+05:30,637.5999755859375,640.9500122070312,615.0,636.0999755859375,1566616,624.4235229492188,INR
2022-03-02 00:00:00+05:30,621.0,642.2999877929688,618.0,621.7999877929688,931155,610.385986328125,INR
2022-03-03 00:00:00+05:30,630.0,636.0,602.5,604.25,1293754,593.158203125,INR
2022-03-04 00:00:00+05:30,599.9000244140625,610.0,581.5999755859375,589.7999877929688,1918007,578.9734497070312,INR
2022-03-07 00:00:00+05:30,560.5,583.8499755859375,553.0,572.4500122070312,2575682,561.9419555664062,INR
2022-03-08 00:00:00+05:30,577.7999877929688,589.5999755859375,562.9500122070312,569.5,1159673,559.0460815429688,INR
2022-03-09 00:00:00+05:30,576.0,578.3499755859375,566.2000122070312,573.1500244140625,1195925,562.6290283203125,INR
2022-03-10 00:00:00+05:30,593.1500244140625,613.5,592.0,602.3499755859375,1709998,591.2930297851562,INR
2022-03-11 00:00:00+05:30,603.0,620.0,595.7000122070312,616.7000122070312,828712,605.379638671875,INR
2022-03-14 00:00:00+05:30,620.0,623.9500122070312,608.9500122070312,612.9500122070312,640797,601.698486328125,INR
2022-03-15 00:00:00+05:30,616.0,644.6500244140625,612.5,631.8499755859375,1877698,620.2515869140625,INR
2022-03-16 00:00:00+05:30,643.0,654.7999877929688,635.0999755859375,644.5,926758,632.6693115234375,INR
2022-03-17 00:00:00+05:30,661.0,698.7000122070312,651.0499877929688,684.5,1850118,671.93505859375,INR
2022-03-21 00:00:00+05:30,694.8499755859375,706.5999755859375,672.0999755859375,674.5999755859375,1255407,662.2167358398438,INR
2022-03-22 00:00:00+05:30,676.25,678.8499755859375,652.0,668.2000122070312,1176575,655.9342651367188,INR
2022-03-23 00:00:00+05:30,675.0999755859375,694.1500244140625,670.5999755859375,689.3499755859375,1372047,676.6959838867188,INR
2022-03-24 00:00:00+05:30,684.0,686.8499755859375,671.0999755859375,675.2000122070312,527577,662.8058471679688,INR
2022-03-25 00:00:00+05:30,680.0,684.4000244140625,660.0,662.3499755859375,601930,650.191650390625,INR
2022-03-28 00:00:00+05:30,669.7999877929688,672.5499877929688,654.0,658.7999877929688,891747,646.7069091796875,INR
2022-03-29 00:00:00+05:30,664.0,678.7999877929688,659.8499755859375,663.0999755859375,930464,650.9277954101562,INR
2022-03-30 00:00:00+05:30,672.2999877929688,700.0,662.0,677.75,943762,665.3089599609375,INR
2022-03-31 00:00:00+05:30,685.0,688.9000244140625,672.0,679.4500122070312,696997,666.977783203125,INR
2022-04-01 00:00:00+05:30,674.8499755859375,679.4000244140625,654.0499877929688,656.75,1720968,644.6943969726562,INR
2022-04-04 00:00:00+05:30,663.7000122070312,668.4000244140625,659.0499877929688,663.0,666813,650.8297119140625,INR
2022-04-05 00:00:00+05:30,671.25,683.2999877929688,662.2999877929688,677.25,1419194,664.8180541992188,INR
2022-04-06 00:00:00+05:30,672.0,676.4000244140625,666.0,667.9500122070312,597461,655.6889038085938,INR
2022-04-07 00:00:00+05:30,667.2999877929688,667.3499755859375,646.0,649.5,841032,637.5775756835938,INR
2022-04-08 00:00:00+05:30,652.0,664.25,644.7000122070312,654.9500122070312,654966,642.9275512695312,INR
2022-04-11 00:00:00+05:30,657.7999877929688,661.25,645.0,647.8499755859375,840097,635.9578247070312,INR
2022-04-12 00:00:00+05:30,645.0,648.7999877929688,628.75,630.5999755859375,560583,619.0244750976562,INR
2022-04-13 00:00:00+05:30,634.7000122070312,638.9000244140625,619.0499877929688,620.9000244140625,563403,609.5026245117188,INR
2022-04-18 00:00:00+05:30,613.5,629.9500122070312,610.9000244140625,622.5499877929688,578215,611.1221923828125,INR
2022-04-19 00:00:00+05:30,625.9500122070312,653.7999877929688,625.2999877929688,633.2999877929688,1199844,621.6748657226562,INR
2022-04-20 00:00:00+05:30,642.0,664.0,638.2000122070312,661.5499877929688,1498343,649.4063110351562,INR
2022-04-21 00:00:00+05:30,666.7000122070312,668.8499755859375,652.3499755859375,664.7000122070312,689551,652.49853515625,INR
2022-04-22 00:00:00+05:30,656.7000122070312,683.3499755859375,648.0999755859375,671.25,1153895,658.92822265625,INR
2022-04-25 00:00:00+05:30,664.0999755859375,679.7999877929688,654.9500122070312,666.75,1015207,654.510986328125,INR
2022-04-26 00:00:00+05:30,676.0,688.0,669.3499755859375,674.5999755859375,977933,662.2167358398438,INR
2022-04-27 00:00:00+05:30,665.0,669.0,651.0,656.9500122070312,1121708,644.890869140625,INR
2022-04-28 00:00:00+05:30,661.7999877929688,664.4000244140625,649.0,652.25,484866,640.2770385742188,INR
2022-04-29 00:00:00+05:30,656.0,658.5,630.9500122070312,635.5499877929688,473280,623.8836669921875,INR
2022-05-02 00:00:00+05:30,627.0,639.7999877929688,621.5,633.8499755859375,407152,622.2147827148438,INR
2022-05-04 00:00:00+05:30,634.9000244140625,638.4000244140625,606.0999755859375,611.0499877929688,569404,599.8333129882812,INR
2022-05-05 00:00:00+05:30,622.0,635.5999755859375,611.25,613.8499755859375,581135,602.5818481445312,INR
2022-05-06 00:00:00+05:30,612.5,619.0499877929688,590.5,595.0999755859375,1737332,584.1762084960938,INR
2022-05-09 00:00:00+05:30,586.4500122070312,608.7999877929688,576.0499877929688,600.6500244140625,992665,589.6243286132812,INR
2022-05-10 00:00:00+05:30,604.9500122070312,614.5,568.5,571.8499755859375,1106500,561.3529663085938,INR
2022-05-11 00:00:00+05:30,576.9000244140625,589.2999877929688,543.25,562.8499755859375,1327842,552.5181274414062,INR
2022-05-12 00:00:00+05:30,562.8499755859375,577.9500122070312,552.3499755859375,568.9500122070312,1497236,558.506103515625,INR
2022-05-13 00:00:00+05:30,577.9500122070312,588.0,561.0499877929688,569.2000122070312,914750,558.7516479492188,INR
2022-05-16 00:00:00+05:30,572.2000122070312,578.0,551.0999755859375,554.4000244140625,562176,544.2232666015625,INR
2022-05-17 00:00:00+05:30,559.7000122070312,592.7000122070312,558.25,587.2999877929688,1061209,576.5194091796875,INR
2022-05-18 00:00:00+05:30,586.0,586.4000244140625,559.9000244140625,562.2000122070312,794398,551.880126953125,INR
2022-05-19 00:00:00+05:30,550.0,554.5499877929688,526.5,537.25,1686255,527.3880615234375,INR
2022-05-20 00:00:00+05:30,550.0,573.0,549.0,555.2999877929688,1149255,545.106689453125,INR
2022-05-23 00:00:00+05:30,555.0,570.7999877929688,536.8499755859375,539.0499877929688,1047932,529.155029296875,INR
2022-05-24 00:00:00+05:30,545.0,554.4500122070312,540.7000122070312,550.5499877929688,461334,540.4439086914062,INR
2022-05-25 00:00:00+05:30,548.5,554.3499755859375,530.0499877929688,533.2999877929688,527089,523.5106201171875,INR
2022-05-26 00:00:00+05:30,537.0,544.0999755859375,519.0499877929688,534.5,580401,524.6884765625,INR
2022-05-27 00:00:00+05:30,541.2000122070312,544.4000244140625,531.2000122070312,537.9500122070312,711093,528.0751953125,INR
2022-05-30 00:00:00+05:30,544.75,553.9000244140625,541.5499877929688,549.3499755859375,469648,539.2659912109375,INR
2022-05-31 00:00:00+05:30,548.0,578.0,541.7000122070312,557.4000244140625,1369582,547.1681518554688,INR
2022-06-01 00:00:00+05:30,556.9000244140625,574.9500122070312,554.0,571.9000244140625,640133,561.4020385742188,INR
2022-06-02 00:00:00+05:30,567.4000244140625,575.9000244140625,560.3499755859375,573.2000122070312,338945,562.6781616210938,INR
2022-06-03 00:00:00+05:30,578.0,589.0,569.5,573.0,744038,562.4817504882812,INR
2022-06-06 00:00:00+05:30,572.0,582.5999755859375,568.2999877929688,578.25,623473,567.6354370117188,INR
2022-06-07 00:00:00+05:30,573.75,590.0,568.0499877929688,586.8499755859375,542790,576.0775146484375,INR
2022-06-08 00:00:00+05:30,589.4000244140625,600.5,579.0,595.1500244140625,1617768,584.2252197265625,INR
2022-06-09 00:00:00+05:30,587.7000122070312,599.4000244140625,587.7000122070312,594.0,820716,583.0963745117188,INR
2022-06-10 00:00:00+05:30,588.9000244140625,609.0,585.5499877929688,601.5499877929688,1013739,590.5076904296875,INR
2022-06-13 00:00:00+05:30,586.0,603.5,575.5,601.2999877929688,688622,590.2623291015625,INR
2022-06-14 00:00:00+05:30,593.0,606.0,586.2999877929688,597.9000244140625,624706,586.9248046875,INR
2022-06-15 00:00:00+05:30,599.75,605.9000244140625,595.0,599.5999755859375,382991,588.593505859375,INR
2022-06-16 00:00:00+05:30,608.2000122070312,608.2000122070312,565.0,569.5,614077,559.0460815429688,INR
2022-06-17 00:00:00+05:30,569.0,584.75,551.25,566.7999877929688,711925,556.3956298828125,INR
2022-06-20 00:00:00+05:30,565.0,572.2999877929688,540.2999877929688,547.4000244140625,835391,537.3518676757812,INR
2022-06-21 00:00:00+05:30,550.9000244140625,569.6500244140625,550.9000244140625,562.2999877929688,488006,551.9782104492188,INR
2022-06-22 00:00:00+05:30,562.0,562.0,536.5,539.8499755859375,714472,529.9403076171875,INR
2022-06-23 00:00:00+05:30,543.9000244140625,573.75,542.75,555.7999877929688,1214419,545.5975952148438,INR
2022-06-24 00:00:00+05:30,564.3499755859375,584.4000244140625,562.0,580.0499877929688,786721,569.4024047851562,INR
2022-06-27 00:00:00+05:30,592.2000122070312,592.2000122070312,578.6500244140625,581.75,452498,571.0711669921875,INR
2022-06-28 00:00:00+05:30,582.7999877929688,582.7999877929688,565.2000122070312,568.25,451025,557.8190307617188,INR
2022-06-29 00:00:00+05:30,564.1500244140625,567.8499755859375,557.0,559.2999877929688,413427,549.7782592773438,INR
2022-06-30 00:00:00+05:30,560.0,564.9000244140625,552.0,553.7999877929688,714487,544.371826171875,INR
2022-07-01 00:00:00+05:30,551.0999755859375,570.0,547.0,567.7000122070312,352045,558.0352783203125,INR
2022-07-04 00:00:00+05:30,568.7000122070312,573.7000122070312,564.8499755859375,568.0,259032,558.3302001953125,INR
2022-07-05 00:00:00+05:30,570.4000244140625,575.9000244140625,557.1500244140625,560.0999755859375,279933,550.5646362304688,INR
2022-07-06 00:00:00+05:30,558.0,574.7000122070312,556.4500122070312,568.5499877929688,546867,558.8707275390625,INR
2022-07-07 00:00:00+05:30,577.0,579.0,563.2000122070312,566.8499755859375,587293,557.1997680664062,INR
2022-07-08 00:00:00+05:30,569.0,576.4000244140625,562.75,567.4500122070312,287332,557.78955078125,INR
2022-07-11 00:00:00+05:30,566.0999755859375,578.7999877929688,562.0,576.75,305882,566.93115234375,INR
2022-07-12 00:00:00+05:30,574.0999755859375,574.0999755859375,563.0,570.25,503229,560.5418701171875,INR
2022-07-13 00:00:00+05:30,573.2000122070312,584.3499755859375,571.0999755859375,580.7000122070312,1022214,570.81396484375,INR
2022-07-14 00:00:00+05:30,582.7999877929688,586.6500244140625,567.25,574.9500122070312,340303,565.1619262695312,INR
2022-07-15 00:00:00+05:30,572.5,576.0999755859375,566.75,570.2000122070312,382733,560.49267578125,INR
2022-07-18 00:00:00+05:30,575.0,578.3499755859375,568.5999755859375,570.0999755859375,380407,560.3944091796875,INR
2022-07-19 00:00:00+05:30,571.75,577.6500244140625,566.8499755859375,569.9000244140625,277087,560.1978759765625,INR
2022-07-20 00:00:00+05:30,578.5,586.7999877929688,570.0,572.7000122070312,481299,562.9501342773438,INR
2022-07-21 00:00:00+05:30,576.3499755859375,584.0,572.0499877929688,578.7999877929688,491512,568.9462890625,INR
2022-07-22 00:00:00+05:30,582.9000244140625,583.5,573.0,575.2000122070312,625301,565.4075927734375,INR
2022-07-25 00:00:00+05:30,576.9000244140625,576.9500122070312,562.4000244140625,569.9000244140625,410441,560.1978759765625,INR
2022-07-26 00:00:00+05:30,565.9000244140625,565.9000244140625,549.7000122070312,552.8499755859375,692010,543.4380493164062,INR
2022-07-27 00:00:00+05:30,555.2000122070312,556.9500122070312,545.9000244140625,550.0,416401,540.6365966796875,INR
2022-07-28 00:00:00+05:30,557.4000244140625,566.4000244140625,550.5,563.6500244140625,439012,554.0543212890625,INR
2022-07-29 00:00:00+05:30,550.0,575.7999877929688,547.6500244140625,568.3499755859375,1036849,558.6741943359375,INR
2022-08-01 00:00:00+05:30,571.4000244140625,604.0,565.9000244140625,596.2000122070312,1906169,586.050048828125,INR
2022-08-02 00:00:00+05:30,596.2000122070312,601.4500122070312,584.9000244140625,586.9000244140625,677706,576.908447265625,INR
2022-08-03 00:00:00+05:30,590.25,590.25,579.0,585.0,283997,575.0407104492188,INR
2022-08-04 00:00:00+05:30,588.9000244140625,607.0,574.0,576.0,1081124,566.1940307617188,INR
2022-08-05 00:00:00+05:30,576.0,581.6500244140625,554.5,557.6500244140625,898065,548.1564331054688,INR
2022-08-08 00:00:00+05:30,563.5,571.5499877929688,558.0,561.5,499586,551.94091796875,INR
2022-08-10 00:00:00+05:30,566.9000244140625,573.7000122070312,562.25,567.4000244140625,689194,557.740478515625,INR
2022-08-11 00:00:00+05:30,574.4000244140625,575.9000244140625,559.0999755859375,562.0499877929688,389471,552.4814453125,INR
2022-08-12 00:00:00+05:30,562.0499877929688,572.4500122070312,557.5499877929688,569.8499755859375,397496,560.148681640625,INR
2022-08-16 00:00:00+05:30,574.5,574.5999755859375,558.3499755859375,570.3499755859375,954535,560.64013671875,INR
2022-08-17 00:00:00+05:30,574.7000122070312,576.0,528.2999877929688,539.0999755859375,4916238,529.9221801757812,INR
2022-08-18 00:00:00+05:30,521.5999755859375,534.5,507.2000122070313,518.0999755859375,59249131,509.2796936035156,INR
2022-08-19 00:00:00+05:30,525.0,529.5,519.0499877929688,520.8499755859375,7051059,511.98284912109375,INR
2022-08-22 00:00:00+05:30,521.1500244140625,532.2999877929688,516.0499877929688,523.5,5928548,514.5877685546875,INR
2022-08-23 00:00:00+05:30,523.5,537.7000122070312,518.2000122070312,532.7000122070312,10059261,523.6311645507812,INR
2022-08-24 00:00:00+05:30,535.0,537.3499755859375,524.25,527.5999755859375,2350280,518.6178588867188,INR
2022-08-25 00:00:00+05:30,529.9500122070312,532.7000122070312,521.8499755859375,523.9000244140625,1721705,514.98095703125,INR
2022-08-26 00:00:00+05:30,526.7000122070312,535.6500244140625,521.3499755859375,530.7999877929688,3274520,521.763427734375,INR
2022-08-29 00:00:00+05:30,516.6500244140625,525.3499755859375,516.0,519.0999755859375,2278442,510.2626647949219,INR
2022-08-30 00:00:00+05:30,523.4500122070312,524.9000244140625,520.0,522.0,1590405,513.1133422851562,INR
2022-09-01 00:00:00+05:30,518.7999877929688,528.4000244140625,518.0,526.9500122070312,2096736,517.9791259765625,INR
2022-09-02 00:00:00+05:30,526.0,528.5499877929688,520.2000122070312,524.0,1200849,515.0792846679688,INR
2022-09-05 00:00:00+05:30,523.0999755859375,528.5,520.5999755859375,522.7000122070312,1129613,513.8013916015625,INR
2022-09-06 00:00:00+05:30,523.5499877929688,525.5,517.0,519.7999877929688,1034390,510.9507446289063,INR
2022-09-07 00:00:00+05:30,517.2000122070312,533.3499755859375,517.2000122070312,526.9000244140625,1508878,517.9299926757812,INR
2022-09-08 00:00:00+05:30,530.0,532.3499755859375,524.0,525.2999877929688,905092,516.3570556640625,INR
2022-09-09 00:00:00+05:30,529.0,532.9500122070312,524.3499755859375,527.0,1164759,518.0281372070312,INR
2022-09-12 00:00:00+05:30,528.7999877929688,531.0,524.7000122070312,525.75,1272764,516.7993774414062,INR
2022-09-13 00:00:00+05:30,529.7000122070312,548.4000244140625,526.5499877929688,544.0999755859375,4624251,534.8370361328125,INR
2022-09-14 00:00:00+05:30,534.1500244140625,538.7999877929688,528.0,529.0,2033856,519.9940795898438,INR
2022-09-15 00:00:00+05:30,532.7999877929688,533.4000244140625,524.0,526.2000122070312,977265,517.2417602539062,INR
2022-09-16 00:00:00+05:30,525.0,525.6500244140625,508.1000061035156,515.4500122070312,1525714,506.67486572265625,INR
2022-09-19 00:00:00+05:30,516.5,519.8499755859375,513.0499877929688,515.0,2096604,506.2324523925781,INR
2022-09-20 00:00:00+05:30,517.5999755859375,524.5,513.1500244140625,514.5999755859375,736927,505.8392333984375,INR
2022-09-21 00:00:00+05:30,514.5,517.0499877929688,486.2000122070313,497.8999938964844,2126465,489.423583984375,INR
2022-09-22 00:00:00+05:30,499.0,499.6499938964844,468.6499938964844,479.1499938964844,5021056,470.9928283691406,INR
2022-09-23 00:00:00+05:30,482.0499877929688,493.8999938964844,469.4500122070313,475.0,2880334,466.9134216308594,INR
2022-09-26 00:00:00+05:30,474.8999938964844,475.0,462.3999938964844,468.1499938964844,1773741,460.1800537109375,INR
2022-09-27 00:00:00+05:30,475.0,480.6000061035156,460.6499938964844,464.6000061035156,1161414,456.6904602050781,INR
2022-09-28 00:00:00+05:30,461.0,473.7999877929688,458.1000061035156,462.2000122070313,1110128,454.3313293457031,INR
2022-09-29 00:00:00+05:30,465.3999938964844,472.3500061035156,463.5,468.8500061035156,766933,460.86810302734375,INR
2022-09-30 00:00:00+05:30,468.8500061035156,468.9500122070313,455.25,463.75,1474819,455.8549499511719,INR
2022-10-03 00:00:00+05:30,463.75,466.8999938964844,453.0,459.6000061035156,1075149,451.7755737304688,INR
2022-10-04 00:00:00+05:30,465.0499877929688,472.9500122070313,460.0,468.6499938964844,1823809,460.6715698242188,INR
2022-10-06 00:00:00+05:30,471.0,484.1499938964844,470.3500061035156,474.1499938964844,991262,466.0778503417969,INR
2022-10-07 00:00:00+05:30,473.5,477.75,468.1000061035156,471.5,712017,463.4730224609375,INR
2022-10-10 00:00:00+05:30,466.0,469.2999877929688,464.0,465.2999877929688,458055,457.3785095214844,INR
2022-10-11 00:00:00+05:30,467.0,471.0,459.0,461.0499877929688,561126,453.2008972167969,INR
2022-10-12 00:00:00+05:30,461.5,465.5499877929688,455.25,462.9500122070313,458927,455.0686340332031,INR
2022-10-13 00:00:00+05:30,462.9500122070313,465.75,456.2999877929688,460.5,350358,452.6602783203125,INR
2022-10-14 00:00:00+05:30,469.8999938964844,469.9500122070313,458.1000061035156,459.8999938964844,480156,452.0704956054688,INR
2022-10-17 00:00:00+05:30,459.3999938964844,466.0499877929688,454.1499938964844,460.0499877929688,520984,452.2179260253906,INR
2022-10-18 00:00:00+05:30,462.0499877929688,467.5,459.6000061035156,464.5,686749,456.5921936035156,INR
2022-10-19 00:00:00+05:30,465.0,489.0,465.0,485.5499877929688,2722881,477.2837829589844,INR
2022-10-20 00:00:00+05:30,479.0,497.0499877929688,479.0,484.2000122070313,1226234,475.9568176269531,INR
2022-10-21 00:00:00+05:30,486.7999877929688,490.2999877929688,473.1000061035156,477.3999938964844,925647,469.2725830078125,INR
2022-10-24 00:00:00+05:30,477.3999938964844,477.3999938964844,477.3999938964844,477.3999938964844,0,469.2725830078125,INR
2022-10-25 00:00:00+05:30,483.6000061035156,493.5,480.4500122070313,482.1499938964844,714531,473.9416809082031,INR
2022-10-27 00:00:00+05:30,484.0,487.6000061035156,477.0,478.75,474318,470.599609375,INR
2022-10-28 00:00:00+05:30,481.1499938964844,482.3500061035156,461.3500061035156,464.2000122070313,838347,456.2972717285156,INR
2022-10-31 00:00:00+05:30,472.0,475.75,460.75,465.3999938964844,1420328,457.4768371582031,INR
2022-11-01 00:00:00+05:30,467.75,485.8999938964844,467.2000122070313,474.7000122070313,1789945,466.6185607910156,INR
2022-11-02 00:00:00+05:30,475.2000122070313,477.7999877929688,467.4500122070313,470.7999877929688,780153,462.7849426269531,INR
2022-11-03 00:00:00+05:30,469.9500122070313,470.6000061035156,465.0,466.1499938964844,486106,458.214111328125,INR
2022-11-04 00:00:00+05:30,468.5,471.8500061035156,460.1000061035156,460.8999938964844,782112,453.0534973144531,INR
2022-11-07 00:00:00+05:30,463.6499938964844,466.6499938964844,458.0,459.5,697925,451.6772766113281,INR
2022-11-09 00:00:00+05:30,463.0,464.7000122070313,453.6499938964844,459.3500061035156,1012733,451.5298156738281,INR
2022-11-10 00:00:00+05:30,458.5,458.9500122070313,451.0,455.5,825030,447.745361328125,INR
2022-11-11 00:00:00+05:30,460.0,464.6000061035156,456.5499877929688,458.1499938964844,637913,450.3502807617188,INR
2022-11-14 00:00:00+05:30,459.4500122070313,463.4500122070313,454.0,455.25,597332,447.4996337890625,INR
2022-11-15 00:00:00+05:30,457.5499877929688,457.5499877929688,445.2999877929688,448.5499877929688,1041576,440.9136962890625,INR
2022-11-16 00:00:00+05:30,445.2999877929688,450.7000122070313,443.2000122070313,446.6000061035156,827672,438.9968872070313,INR
2022-11-17 00:00:00+05:30,446.0,449.7999877929688,438.1499938964844,445.1499938964844,1107407,437.5715637207031,INR
2022-11-18 00:00:00+05:30,446.0,456.8999938964844,442.0,445.6499938964844,845530,438.0630493164063,INR
2022-11-21 00:00:00+05:30,443.0,446.7999877929688,435.0,437.7999877929688,648285,430.34674072265625,INR
2022-11-22 00:00:00+05:30,438.9500122070313,439.9500122070313,432.3500061035156,436.0499877929688,437919,428.6264953613281,INR
2022-11-23 00:00:00+05:30,438.0,441.9500122070313,426.2999877929688,429.3999938964844,679720,422.0897216796875,INR
2022-11-24 00:00:00+05:30,430.8999938964844,456.0,427.3999938964844,446.0,1627143,438.4071350097656,INR
2022-11-25 00:00:00+05:30,446.0,446.5,438.3999938964844,442.5499877929688,730082,435.0158386230469,INR
2022-11-28 00:00:00+05:30,441.7999877929688,454.0,439.7000122070313,450.8999938964844,888688,443.2237243652344,INR
2022-11-29 00:00:00+05:30,451.2000122070313,453.9500122070313,447.1000061035156,450.5499877929688,864644,442.879638671875,INR
2022-11-30 00:00:00+05:30,452.8500061035156,461.3500061035156,450.5,454.4500122070313,1169346,446.7133483886719,INR
2022-12-01 00:00:00+05:30,458.7000122070313,465.2999877929688,454.2000122070313,463.2000122070313,1278107,455.3143615722656,INR
2022-12-02 00:00:00+05:30,463.1499938964844,467.8999938964844,458.5,462.0499877929688,1217995,454.1838989257813,INR
2022-12-05 00:00:00+05:30,463.7999877929688,463.7999877929688,457.0,459.8500061035156,727687,452.0213317871094,INR
2022-12-06 00:00:00+05:30,457.5,463.5499877929688,456.9500122070313,459.8500061035156,420514,452.0213317871094,INR
2022-12-07 00:00:00+05:30,461.0,461.7999877929688,456.0499877929688,460.1000061035156,384704,452.26708984375,INR
2022-12-08 00:00:00+05:30,460.1000061035156,461.75,446.4500122070313,448.8999938964844,927236,441.2577819824219,INR
2022-12-09 00:00:00+05:30,450.5,456.75,437.0,438.1499938964844,614169,430.6907653808594,INR
2022-12-12 00:00:00+05:30,440.0,440.0,430.0499877929688,437.3500061035156,489233,429.9044189453125,INR
2022-12-13 00:00:00+05:30,438.8999938964844,452.0,438.3999938964844,449.8999938964844,933723,442.2407531738281,INR
2022-12-14 00:00:00+05:30,452.0,483.2999877929688,452.0,479.2000122070313,2354167,471.0419616699219,INR
2022-12-15 00:00:00+05:30,483.0,483.5499877929688,461.5,463.7999877929688,1195554,455.9040832519531,INR
2022-12-16 00:00:00+05:30,461.3999938964844,461.3999938964844,451.2000122070313,452.5,731978,444.7964782714844,INR
2022-12-19 00:00:00+05:30,453.0,466.0,449.0499877929688,458.25,927631,450.4486083984375,INR
2022-12-20 00:00:00+05:30,457.5499877929688,460.4500122070313,451.25,453.2999877929688,400423,445.5828857421875,INR
2022-12-21 00:00:00+05:30,454.25,456.6499938964844,432.1499938964844,435.8999938964844,1000645,428.4790649414063,INR
2022-12-22 00:00:00+05:30,438.0,438.8999938964844,421.2999877929688,423.1499938964844,940087,415.9461059570313,INR
2022-12-23 00:00:00+05:30,421.0,421.9500122070313,399.3500061035156,400.5499877929688,1400061,393.73089599609375,INR
2022-12-26 00:00:00+05:30,403.0,417.8500061035156,398.0499877929688,410.7000122070313,1217228,403.7080993652344,INR
2022-12-27 00:00:00+05:30,414.7000122070313,425.5,411.0,424.1499938964844,685653,416.9290771484375,INR
2022-12-28 00:00:00+05:30,422.5,429.7000122070313,418.0,418.8999938964844,634721,411.7684631347656,INR
2022-12-29 00:00:00+05:30,415.7000122070313,423.8500061035156,410.8999938964844,416.3500061035156,672200,409.2619018554688,INR
2022-12-30 00:00:00+05:30,421.1000061035156,428.3999938964844,416.6499938964844,419.5,624097,412.3583068847656,INR
2023-01-02 00:00:00+05:30,422.7000122070313,424.7000122070313,417.8500061035156,419.2000122070313,280976,412.06341552734375,INR
2023-01-03 00:00:00+05:30,419.2999877929688,425.1499938964844,414.5499877929688,415.4500122070313,556703,408.3772277832031,INR
2023-01-04 00:00:00+05:30,417.0,417.7000122070313,409.0499877929688,410.2999877929688,641742,403.31488037109375,INR
2023-01-05 00:00:00+05:30,413.2000122070313,418.6000061035156,407.3500061035156,415.0,618502,407.9349060058594,INR
2023-01-06 00:00:00+05:30,416.2999877929688,429.25,410.7999877929688,417.5,1544225,410.392333984375,INR
2023-01-09 00:00:00+05:30,420.0,425.3500061035156,416.5,422.5,888013,415.3072204589844,INR
2023-01-10 00:00:00+05:30,446.0,458.7999877929688,432.0,447.4500122070313,9739902,439.83245849609375,INR
2023-01-11 00:00:00+05:30,453.7000122070313,453.7000122070313,425.2999877929688,427.2000122070313,3476828,419.92724609375,INR
2023-01-12 00:00:00+05:30,429.75,435.75,425.5,428.4500122070313,1427849,421.1559448242188,INR
2023-01-13 00:00:00+05:30,429.8999938964844,429.8999938964844,417.2000122070313,425.6499938964844,1278612,418.403564453125,INR
2023-01-16 00:00:00+05:30,428.5,430.9500122070313,419.1000061035156,420.5499877929688,578596,413.390380859375,INR
2023-01-17 00:00:00+05:30,422.7999877929688,422.7999877929688,416.1000061035156,418.3500061035156,638196,411.2278747558594,INR
2023-01-18 00:00:00+05:30,418.3500061035156,421.0,416.25,420.25,659637,413.0955505371094,INR
2023-01-19 00:00:00+05:30,417.0,419.8999938964844,411.0,414.0499877929688,899465,407.0010070800781,INR
2023-01-20 00:00:00+05:30,416.0,416.0,407.1000061035156,407.9500122070313,641090,401.0048828125,INR
2023-01-23 00:00:00+05:30,409.8999938964844,419.0,409.0499877929688,417.75,481372,410.6380615234375,INR
2023-01-24 00:00:00+05:30,419.8999938964844,436.0,416.3999938964844,432.6000061035156,1309441,425.2352294921875,INR
2023-01-25 00:00:00+05:30,441.0,461.0,436.6000061035156,455.0,5392461,447.2539367675781,INR
2023-01-27 00:00:00+05:30,455.75,464.8500061035156,445.0,451.6000061035156,2139821,443.9118347167969,INR
2023-01-30 00:00:00+05:30,453.0,454.8999938964844,438.4500122070313,441.6499938964844,1194183,434.1311950683594,INR
2023-01-31 00:00:00+05:30,444.5,455.0,443.4500122070313,450.0,1012769,442.3390502929688,INR
2023-02-01 00:00:00+05:30,453.1000061035156,469.6000061035156,441.0,456.5499877929688,2373206,448.7775268554688,INR
2023-02-02 00:00:00+05:30,455.0,460.4500122070313,447.2999877929688,451.1000061035156,1345041,443.4202880859375,INR
2023-02-03 00:00:00+05:30,454.0,454.0,442.5,444.7999877929688,724849,437.2275390625,INR
2023-02-06 00:00:00+05:30,441.0,477.8999938964844,441.0,471.3999938964844,3185014,464.7120361328125,INR
2023-02-07 00:00:00+05:30,473.7000122070313,475.0,450.0,458.0,1520621,451.5021362304688,INR
2023-02-08 00:00:00+05:30,459.0,473.5,458.5,468.8999938964844,1125693,462.2475280761719,INR
2023-02-09 00:00:00+05:30,465.0,470.3500061035156,456.1499938964844,464.8999938964844,583335,458.3042602539063,INR
2023-02-10 00:00:00+05:30,464.0,473.2000122070313,460.1000061035156,462.7999877929688,632416,456.2340393066406,INR
2023-02-13 00:00:00+05:30,463.5,466.75,450.0,452.7000122070313,477173,446.27734375,INR
2023-02-14 00:00:00+05:30,454.7000122070313,455.0,444.6000061035156,450.1000061035156,505324,443.7142333984375,INR
2023-02-15 00:00:00+05:30,448.9500122070313,464.7000122070313,447.2000122070313,461.2999877929688,1247283,454.7552795410156,INR
2023-02-16 00:00:00+05:30,463.6499938964844,471.0,462.0,463.9500122070313,870826,457.3677368164063,INR
2023-02-17 00:00:00+05:30,462.6499938964844,470.5,460.1000061035156,462.7000122070313,489871,456.1354370117188,INR
2023-02-20 00:00:00+05:30,463.0,477.7999877929688,461.1000061035156,472.0499877929688,1169223,465.352783203125,INR
2023-02-21 00:00:00+05:30,474.2000122070313,477.7999877929688,463.2999877929688,465.7999877929688,630296,459.19146728515625,INR
2023-02-22 00:00:00+05:30,463.2999877929688,468.7000122070313,455.3500061035156,457.2000122070313,420361,450.7135009765625,INR
2023-02-23 00:00:00+05:30,458.0,471.8999938964844,457.3999938964844,463.8999938964844,772032,457.3183898925781,INR
2023-02-24 00:00:00+05:30,464.0,468.0499877929688,458.5,460.8999938964844,565478,454.3610229492188,INR
2023-02-27 00:00:00+05:30,460.5,460.7999877929688,438.0,454.2999877929688,646184,447.8546142578125,INR
2023-02-28 00:00:00+05:30,456.1000061035156,462.0,445.1000061035156,448.1000061035156,381050,441.7425842285156,INR
2023-03-01 00:00:00+05:30,451.3500061035156,463.0,450.0,459.9500122070313,448273,453.4244995117188,INR
2023-03-02 00:00:00+05:30,461.2000122070313,466.5499877929688,451.2999877929688,453.2000122070313,743257,446.7702331542969,INR
2023-03-03 00:00:00+05:30,457.75,464.7000122070313,454.0,455.8500061035156,525246,449.3826293945313,INR
2023-03-06 00:00:00+05:30,455.8500061035156,462.5499877929688,454.25,457.8999938964844,538671,451.403564453125,INR
2023-03-08 00:00:00+05:30,456.6499938964844,463.7000122070313,451.25,452.75,645986,446.32659912109375,INR
2023-03-09 00:00:00+05:30,454.0,459.9500122070313,445.0499877929688,446.5,704236,440.165283203125,INR
2023-03-10 00:00:00+05:30,445.8999938964844,454.2000122070313,434.0499877929688,436.2999877929688,1205611,430.1099853515625,INR
2023-03-13 00:00:00+05:30,414.25,424.8999938964844,403.2999877929688,406.2000122070313,13269484,400.4370422363281,INR
2023-03-14 00:00:00+05:30,415.5,436.3999938964844,410.1000061035156,431.3999938964844,12142642,425.2794799804688,INR
2023-03-15 00:00:00+05:30,439.0,441.8999938964844,418.0,423.0499877929688,5340688,417.0479736328125,INR
2023-03-16 00:00:00+05:30,423.0499877929688,424.0,406.7999877929688,413.6499938964844,3489547,407.7813415527344,INR
2023-03-17 00:00:00+05:30,419.0,423.5499877929688,411.5,418.5,3624778,412.5625305175781,INR
2023-03-20 00:00:00+05:30,418.0,418.3999938964844,401.25,404.2999877929688,1790040,398.5639953613281,INR
2023-03-21 00:00:00+05:30,405.8500061035156,411.0,405.0,409.25,2179679,403.4438171386719,INR
2023-03-22 00:00:00+05:30,410.0,415.7000122070313,410.0,413.7000122070313,1256764,407.8306274414063,INR
2023-03-23 00:00:00+05:30,414.3500061035156,424.3999938964844,411.0,413.5499877929688,1654842,407.6827697753906,INR
2023-03-24 00:00:00+05:30,414.1000061035156,418.7999877929688,406.75,410.75,1176131,404.9225158691406,INR
2023-03-27 00:00:00+05:30,411.8999938964844,415.6000061035156,405.0,414.6000061035156,1343413,408.7178955078125,INR
2023-03-28 00:00:00+05:30,413.0,413.8999938964844,401.1000061035156,404.2000122070313,1970141,398.4653930664063,INR
2023-03-29 00:00:00+05:30,405.8999938964844,416.0,405.0,414.75,1781834,408.8657531738281,INR
2023-03-31 00:00:00+05:30,418.0,424.5,412.0,413.5,1387772,407.6334838867188,INR
2023-04-03 00:00:00+05:30,415.7000122070313,422.1499938964844,414.7999877929688,419.9500122070313,1074114,413.9920043945313,INR
2023-04-05 00:00:00+05:30,421.0,424.3999938964844,419.1000061035156,421.75,928669,415.7664794921875,INR
2023-04-06 00:00:00+05:30,421.7000122070313,426.7000122070313,417.2000122070313,423.2999877929688,755991,417.29443359375,INR
2023-04-10 00:00:00+05:30,426.0,427.0,417.8999938964844,418.75,589290,412.80902099609375,INR
2023-04-11 00:00:00+05:30,421.0,425.6499938964844,420.0,422.6499938964844,1076902,416.6536560058594,INR
2023-04-12 00:00:00+05:30,423.0499877929688,441.0,422.6499938964844,432.0499877929688,2123272,425.9202880859375,INR
2023-04-13 00:00:00+05:30,434.25,445.8999938964844,431.0,444.3500061035156,2568253,438.0458068847656,INR
2023-04-17 00:00:00+05:30,443.8999938964844,462.25,437.6000061035156,459.2000122070313,3113424,452.6851501464844,INR
2023-04-18 00:00:00+05:30,461.1499938964844,470.8999938964844,458.3999938964844,468.1000061035156,3283950,461.4588623046875,INR
2023-04-19 00:00:00+05:30,468.8999938964844,468.8999938964844,457.0499877929688,464.75,1081397,458.1563720703125,INR
2023-04-20 00:00:00+05:30,461.0,479.8500061035156,461.0,477.6499938964844,3508797,470.8733825683594,INR
2023-04-21 00:00:00+05:30,476.8500061035156,477.6000061035156,462.3500061035156,466.3500061035156,1073677,459.7336730957031,INR
2023-04-24 00:00:00+05:30,466.75,468.0,453.3500061035156,457.7999877929688,973271,451.304931640625,INR
2023-04-25 00:00:00+05:30,460.0,467.0,457.7999877929688,459.6499938964844,704092,453.1287231445313,INR
2023-04-26 00:00:00+05:30,459.6499938964844,465.9500122070313,456.2000122070313,464.9500122070313,847880,458.3535461425781,INR
2023-04-27 00:00:00+05:30,465.0,473.3999938964844,462.25,470.7000122070313,703216,464.02197265625,INR
2023-04-28 00:00:00+05:30,474.9500122070313,490.0,474.3500061035156,480.0,2607948,473.1900329589844,INR
2023-05-02 00:00:00+05:30,483.5,494.0,483.0,487.1499938964844,2112246,480.2385864257813,INR
2023-05-03 00:00:00+05:30,485.8999938964844,498.7000122070313,482.5499877929688,489.5,1185103,482.5552368164063,INR
2023-05-04 00:00:00+05:30,503.0,507.3500061035156,488.4500122070313,497.75,3966042,490.6882019042969,INR
2023-05-05 00:00:00+05:30,497.5,511.6000061035156,492.6000061035156,500.2999877929688,2906461,493.2019958496094,INR
2023-05-08 00:00:00+05:30,504.75,527.4000244140625,502.7999877929688,520.0,5157621,512.6224975585938,INR
2023-05-09 00:00:00+05:30,520.9500122070312,527.3499755859375,516.2000122070312,521.7000122070312,4720804,514.2984008789062,INR
2023-05-10 00:00:00+05:30,523.9000244140625,545.0,519.5999755859375,539.4000244140625,5824799,531.7473754882812,INR
2023-05-11 00:00:00+05:30,545.25,554.2000122070312,538.1500244140625,547.25,6443101,539.4859008789062,INR
2023-05-12 00:00:00+05:30,570.0,574.0,530.0,534.0,9554296,526.423828125,INR
2023-05-15 00:00:00+05:30,536.0,552.0,524.25,546.5999755859375,4609617,538.8451538085938,INR
2023-05-16 00:00:00+05:30,548.5,554.5,541.0,542.9000244140625,3025986,535.1976318359375,INR
2023-05-17 00:00:00+05:30,544.3499755859375,544.3499755859375,528.0,532.8499755859375,2825295,525.2901611328125,INR
2023-05-18 00:00:00+05:30,535.0,537.6500244140625,520.0,521.5499877929688,2651993,514.1505737304688,INR
2023-05-19 00:00:00+05:30,523.0999755859375,544.75,518.0,535.7999877929688,4011432,528.1983032226562,INR
2023-05-22 00:00:00+05:30,535.0,542.2999877929688,527.5499877929688,528.8499755859375,2036828,521.3468627929688,INR
2023-05-23 00:00:00+05:30,532.75,544.7000122070312,528.5,529.8499755859375,2501404,522.3327026367188,INR
2023-05-24 00:00:00+05:30,529.9500122070312,539.4500122070312,527.4000244140625,531.9000244140625,2403036,524.353759765625,INR
2023-05-25 00:00:00+05:30,533.2000122070312,541.5999755859375,525.75,528.3499755859375,2665334,520.8540649414062,INR
2023-05-26 00:00:00+05:30,532.9000244140625,547.7999877929688,530.0499877929688,539.1500244140625,3362864,531.5008544921875,INR
2023-05-29 00:00:00+05:30,540.4500122070312,552.5999755859375,535.0,536.5,3976323,528.888427734375,INR
2023-05-30 00:00:00+05:30,544.7000122070312,544.7000122070312,532.0,533.0999755859375,4055275,525.53662109375,INR
2023-05-31 00:00:00+05:30,511.8999938964844,573.4500122070312,503.0,541.5499877929688,81135054,533.8668212890625,INR
2023-06-01 00:00:00+05:30,539.0,547.0,525.5,530.2000122070312,5829695,522.6777954101562,INR
2023-06-02 00:00:00+05:30,536.0,537.0499877929688,528.0999755859375,531.75,2220700,524.205810546875,INR
2023-06-05 00:00:00+05:30,534.6500244140625,538.6500244140625,525.0499877929688,529.0499877929688,1934956,521.5440673828125,INR
2023-06-06 00:00:00+05:30,531.7000122070312,534.9000244140625,523.9500122070312,528.0499877929688,1404825,520.5582885742188,INR
2023-06-07 00:00:00+05:30,529.9000244140625,534.6500244140625,528.3499755859375,532.9500122070312,1519065,525.3888549804688,INR
2023-06-08 00:00:00+05:30,534.0,544.0,528.5499877929688,530.5999755859375,2628912,523.0720825195312,INR
2023-06-09 00:00:00+05:30,533.4000244140625,540.0,529.0999755859375,535.3499755859375,3872644,527.7546997070312,INR
2023-06-12 00:00:00+05:30,535.7000122070312,537.4500122070312,527.1500244140625,528.8499755859375,1088532,521.3468627929688,INR
2023-06-13 00:00:00+05:30,532.0,534.2000122070312,528.0999755859375,529.6500244140625,1020347,522.1356201171875,INR
2023-06-14 00:00:00+05:30,531.7999877929688,531.7999877929688,508.0,509.8500061035156,2256756,502.6165161132813,INR
2023-06-15 00:00:00+05:30,512.2999877929688,518.9000244140625,512.2999877929688,514.4000244140625,1019204,507.1020202636719,INR
2023-06-16 00:00:00+05:30,517.5999755859375,522.9000244140625,514.0999755859375,520.0,1214715,512.6224975585938,INR
2023-06-19 00:00:00+05:30,521.75,530.0,520.0999755859375,522.4500122070312,1182382,515.037841796875,INR
2023-06-20 00:00:00+05:30,522.5999755859375,524.7999877929688,514.5999755859375,515.7999877929688,816671,508.4820861816406,INR
2023-06-21 00:00:00+05:30,518.0,524.7999877929688,508.0,512.8499755859375,1682425,505.5739440917969,INR
2023-06-22 00:00:00+05:30,516.0,521.0,512.3499755859375,514.0,725732,506.7076110839844,INR
2023-06-23 00:00:00+05:30,516.0,516.9000244140625,505.2999877929688,506.8999938964844,668179,499.7083740234375,INR
2023-06-26 00:00:00+05:30,508.5,518.0,508.4500122070313,516.3499755859375,1286593,509.0242919921875,INR
2023-06-27 00:00:00+05:30,519.9000244140625,522.4000244140625,516.5499877929688,519.8499755859375,802623,512.4745483398438,INR
2023-06-28 00:00:00+05:30,523.7000122070312,529.8499755859375,513.2000122070312,514.9000244140625,1842935,507.5948791503906,INR
2023-06-30 00:00:00+05:30,516.9000244140625,517.9000244140625,508.1000061035156,515.8499755859375,1292014,510.0469665527344,INR
2023-07-03 00:00:00+05:30,516.0499877929688,520.0,514.0499877929688,514.8499755859375,788224,509.0582275390625,INR
2023-07-04 00:00:00+05:30,516.3499755859375,516.8499755859375,508.5,509.8999938964844,776522,504.1638793945313,INR
2023-07-05 00:00:00+05:30,511.0,517.25,509.0499877929688,515.7999877929688,866807,509.99755859375,INR
2023-07-06 00:00:00+05:30,515.7999877929688,527.0,515.7999877929688,523.9500122070312,1385717,518.0558471679688,INR
2023-07-07 00:00:00+05:30,528.0,540.0,524.0499877929688,535.2999877929688,3616985,529.2781982421875,INR
2023-07-10 00:00:00+05:30,537.2000122070312,543.8499755859375,532.0,534.2999877929688,2035474,528.2893676757812,INR
2023-07-11 00:00:00+05:30,540.0,548.7999877929688,538.1500244140625,540.1500244140625,2123513,534.0736694335938,INR
2023-07-12 00:00:00+05:30,542.0499877929688,549.4000244140625,540.9000244140625,542.8499755859375,1847684,536.7432250976562,INR
2023-07-13 00:00:00+05:30,545.7000122070312,550.7999877929688,533.0,542.4000244140625,1612941,536.2982788085938,INR
2023-07-14 00:00:00+05:30,548.0,552.0,543.25,547.25,1312952,541.09375,INR
2023-07-17 00:00:00+05:30,549.2000122070312,551.4500122070312,539.25,544.4000244140625,1182995,538.2758178710938,INR
2023-07-18 00:00:00+05:30,547.0,549.0,537.0999755859375,543.3499755859375,862210,537.2376098632812,INR
2023-07-19 00:00:00+05:30,543.9000244140625,557.2000122070312,543.9000244140625,553.9500122070312,2227259,547.7183837890625,INR
2023-07-20 00:00:00+05:30,555.9000244140625,565.0,555.0,563.4000244140625,1854360,557.0621337890625,INR
2023-07-21 00:00:00+05:30,565.0,581.0,560.5499877929688,572.0999755859375,2413588,565.6641235351562,INR
2023-07-24 00:00:00+05:30,573.9000244140625,583.2000122070312,566.0,580.7999877929688,2398697,574.266357421875,INR
2023-07-25 00:00:00+05:30,587.0,598.0,585.9500122070312,594.7000122070312,2169996,588.0099487304688,INR
2023-07-26 00:00:00+05:30,596.7999877929688,603.9000244140625,591.0,597.2999877929688,2446274,590.5806884765625,INR
2023-07-27 00:00:00+05:30,597.5999755859375,605.0,586.2999877929688,591.5499877929688,1311424,584.8953247070312,INR
2023-07-28 00:00:00+05:30,596.9000244140625,605.25,561.25,565.0999755859375,3698927,558.742919921875,INR
2023-07-31 00:00:00+05:30,555.7999877929688,575.2999877929688,555.7999877929688,570.0999755859375,1651725,563.6866455078125,INR
2023-08-01 00:00:00+05:30,575.0,575.0,565.0999755859375,567.0499877929688,1037389,560.6710205078125,INR
2023-08-02 00:00:00+05:30,566.0,568.75,547.0,554.5999755859375,1355336,548.3610229492188,INR
2023-08-03 00:00:00+05:30,549.0499877929688,567.5,549.0499877929688,563.4500122070312,1425261,557.1115112304688,INR
2023-08-04 00:00:00+05:30,565.0,566.5,549.0999755859375,557.75,638424,551.4756469726562,INR
2023-08-07 00:00:00+05:30,557.75,560.0,553.2999877929688,556.5499877929688,569876,550.2891235351562,INR
2023-08-08 00:00:00+05:30,557.7999877929688,561.9500122070312,552.5,556.5,981629,550.2396850585938,INR
2023-08-09 00:00:00+05:30,556.5,560.3499755859375,553.3499755859375,554.5,540961,548.2621459960938,INR
2023-08-10 00:00:00+05:30,555.0,562.4500122070312,554.5,560.3499755859375,724768,554.0463256835938,INR
2023-08-11 00:00:00+05:30,560.0,560.0,554.0999755859375,555.6500244140625,1169346,549.3992919921875,INR
2023-08-14 00:00:00+05:30,554.9500122070312,554.9500122070312,535.1500244140625,549.7000122070312,1954468,543.5161743164062,INR
2023-08-16 00:00:00+05:30,550.0,560.0,548.0499877929688,554.5,1074965,548.2621459960938,INR
2023-08-17 00:00:00+05:30,555.0999755859375,571.5999755859375,555.0999755859375,566.9000244140625,1689856,560.522705078125,INR
2023-08-18 00:00:00+05:30,569.0,576.5,565.0,566.8499755859375,1444993,560.4732666015625,INR
2023-08-21 00:00:00+05:30,570.0499877929688,594.9000244140625,570.0499877929688,590.9000244140625,2154652,584.2527465820312,INR
2023-08-22 00:00:00+05:30,596.9000244140625,616.3499755859375,593.1500244140625,611.3499755859375,3295859,604.4725952148438,INR
2023-08-23 00:00:00+05:30,619.3499755859375,625.9500122070312,581.0499877929688,586.7999877929688,3431091,580.1987915039062,INR
2023-08-24 00:00:00+05:30,591.0,599.75,587.0999755859375,589.0,1217431,582.3740844726562,INR
2023-08-25 00:00:00+05:30,590.0,590.0,573.2000122070312,585.9500122070312,1151562,579.3583984375,INR
2023-08-28 00:00:00+05:30,589.4000244140625,594.4000244140625,585.3499755859375,590.3499755859375,582820,583.7089233398438,INR
2023-08-29 00:00:00+05:30,590.3499755859375,593.7000122070312,578.0999755859375,579.9500122070312,1190928,573.4259033203125,INR
2023-08-30 00:00:00+05:30,580.9500122070312,584.4000244140625,573.5999755859375,579.4000244140625,1245028,572.8821411132812,INR
2023-08-31 00:00:00+05:30,581.9500122070312,605.75,578.0499877929688,595.5999755859375,3932793,588.8997802734375,INR
2023-09-01 00:00:00+05:30,597.75,598.9500122070312,587.75,592.25,831685,585.5875244140625,INR
2023-09-04 00:00:00+05:30,596.0,597.7999877929688,582.1500244140625,583.25,1018935,576.6887817382812,INR
2023-09-05 00:00:00+05:30,589.8499755859375,593.6500244140625,578.0,578.9000244140625,876543,572.3877563476562,INR
2023-09-06 00:00:00+05:30,583.9500122070312,587.0,573.0499877929688,575.0499877929688,765700,568.5809936523438,INR
2023-09-07 00:00:00+05:30,578.7000122070312,593.6500244140625,575.5,583.6500244140625,1182455,577.0842895507812,INR
2023-09-08 00:00:00+05:30,588.5,593.0,581.1500244140625,591.9000244140625,745266,585.2415161132812,INR
2023-09-11 00:00:00+05:30,594.5499877929688,608.0,587.4500122070312,605.2999877929688,1645727,598.49072265625,INR
2023-09-12 00:00:00+05:30,607.5,610.0,579.0499877929688,583.6500244140625,1654348,577.0842895507812,INR
2023-09-13 00:00:00+05:30,584.0,586.5,566.0499877929688,571.5999755859375,1863052,565.1697387695312,INR
2023-09-14 00:00:00+05:30,587.0,594.4000244140625,582.0499877929688,587.0,934075,580.396484375,INR
2023-09-15 00:00:00+05:30,589.7000122070312,601.75,582.5499877929688,599.25,1521844,592.5087890625,INR
2023-09-18 00:00:00+05:30,598.0,600.0,587.0,598.9000244140625,1034472,592.1627197265625,INR
2023-09-20 00:00:00+05:30,593.0,612.9000244140625,585.8499755859375,603.2000122070312,1783825,596.4143676757812,INR
2023-09-21 00:00:00+05:30,598.0,618.0,585.2999877929688,590.9500122070312,1867914,584.3021850585938,INR
2023-09-22 00:00:00+05:30,596.5999755859375,596.5999755859375,579.0499877929688,580.0499877929688,606387,573.5247802734375,INR
2023-09-25 00:00:00+05:30,582.6500244140625,585.75,567.5,569.4000244140625,1152480,562.9945678710938,INR
2023-09-26 00:00:00+05:30,571.5999755859375,584.9000244140625,571.4000244140625,577.2999877929688,878926,570.8057250976562,INR
2023-09-27 00:00:00+05:30,579.9000244140625,593.0,577.2999877929688,590.4000244140625,623755,583.7583618164062,INR
2023-09-28 00:00:00+05:30,594.0,595.75,577.0,579.8499755859375,549407,573.3269653320312,INR
2023-09-29 00:00:00+05:30,583.0,587.0999755859375,580.0,583.4000244140625,409420,576.837158203125,INR
2023-10-03 00:00:00+05:30,583.2999877929688,586.9500122070312,576.5999755859375,585.2000122070312,483018,578.6168823242188,INR
2023-10-04 00:00:00+05:30,581.0,585.0,572.1500244140625,573.0,699871,566.5540771484375,INR
2023-10-05 00:00:00+05:30,577.0,579.9000244140625,570.5,572.5499877929688,652691,566.109130859375,INR
2023-10-06 00:00:00+05:30,573.7999877929688,577.9000244140625,568.0,569.0999755859375,807264,562.6979370117188,INR
2023-10-09 00:00:00+05:30,565.4000244140625,566.0,550.2999877929688,555.0999755859375,1172173,548.8554077148438,INR
2023-10-10 00:00:00+05:30,558.0,563.0,551.5,554.25,1008953,548.0150146484375,INR
2023-10-11 00:00:00+05:30,558.8499755859375,568.5999755859375,556.0999755859375,559.6500244140625,996464,553.354248046875,INR
2023-10-12 00:00:00+05:30,563.75,565.9500122070312,557.2999877929688,560.5999755859375,475700,554.2935791015625,INR
2023-10-13 00:00:00+05:30,558.9500122070312,561.7000122070312,557.1500244140625,560.0999755859375,357793,553.7991943359375,INR
2023-10-16 00:00:00+05:30,560.0499877929688,563.5999755859375,557.7000122070312,559.6500244140625,277010,553.354248046875,INR
2023-10-17 00:00:00+05:30,561.5,563.6500244140625,555.0,559.4500122070312,594822,553.156494140625,INR
2023-10-18 00:00:00+05:30,562.9500122070312,563.4000244140625,551.5,558.5999755859375,578227,552.3161010742188,INR
2023-10-19 00:00:00+05:30,555.0999755859375,558.2000122070312,548.6500244140625,549.4000244140625,500130,543.2196044921875,INR
2023-10-20 00:00:00+05:30,549.4000244140625,551.0499877929688,535.9000244140625,540.5,1321108,534.4197387695312,INR
2023-10-23 00:00:00+05:30,544.5,545.9000244140625,502.8999938964844,508.9500122070313,1531268,503.2246398925781,INR
2023-10-25 00:00:00+05:30,511.25,517.0,488.1000061035156,512.75,1626925,506.9818420410156,INR
2023-10-26 00:00:00+05:30,520.0,553.0499877929688,518.9000244140625,546.1500244140625,8247071,540.0061645507812,INR
2023-10-27 00:00:00+05:30,546.1500244140625,563.4000244140625,545.0,551.2000122070312,1816563,544.9993286132812,INR
2023-10-30 00:00:00+05:30,554.4000244140625,555.2000122070312,542.3499755859375,546.5499877929688,989644,540.401611328125,INR
2023-10-31 00:00:00+05:30,550.0499877929688,557.0499877929688,540.1500244140625,541.5,1400438,535.408447265625,INR
2023-11-01 00:00:00+05:30,542.9000244140625,551.0,540.6500244140625,542.5499877929688,561655,536.446533203125,INR
2023-11-02 00:00:00+05:30,544.5,548.7999877929688,539.75,541.4500122070312,591842,535.3589477539062,INR
2023-11-03 00:00:00+05:30,543.5,549.9000244140625,540.2999877929688,548.4500122070312,784444,542.2802124023438,INR
2023-11-06 00:00:00+05:30,551.6500244140625,560.0,547.1500244140625,556.1500244140625,580483,549.8936157226562,INR
2023-11-07 00:00:00+05:30,559.4000244140625,565.0,555.0499877929688,563.9500122070312,1020888,557.6058959960938,INR
2023-11-08 00:00:00+05:30,567.7000122070312,567.75,558.3499755859375,562.5999755859375,498569,556.27099609375,INR
2023-11-09 00:00:00+05:30,562.8499755859375,566.6500244140625,555.2000122070312,565.2999877929688,721273,558.9406127929688,INR
2023-11-10 00:00:00+05:30,565.0,568.4500122070312,561.2999877929688,565.25,736785,558.8912353515625,INR
2023-11-13 00:00:00+05:30,570.0,572.75,558.0,559.9500122070312,738903,553.65087890625,INR
2023-11-15 00:00:00+05:30,568.9500122070312,592.9500122070312,564.25,588.25,2325445,581.632568359375,INR
2023-11-16 00:00:00+05:30,592.7000122070312,603.9000244140625,575.5999755859375,579.2000122070312,1868117,572.6843872070312,INR
2023-11-17 00:00:00+05:30,580.4000244140625,590.5999755859375,577.1500244140625,585.7999877929688,1018975,579.2100830078125,INR
2023-11-20 00:00:00+05:30,586.4000244140625,592.0,575.5999755859375,579.25,487724,572.7337646484375,INR
2023-11-21 00:00:00+05:30,580.9500122070312,598.4000244140625,568.9000244140625,585.5,1656263,578.9134521484375,INR
2023-11-22 00:00:00+05:30,586.9500122070312,588.5999755859375,574.25,578.1500244140625,860263,571.6461791992188,INR
2023-11-23 00:00:00+05:30,579.6500244140625,582.9000244140625,572.0,575.75,479014,569.2731323242188,INR
2023-11-24 00:00:00+05:30,575.9000244140625,577.7000122070312,566.9500122070312,568.1500244140625,986656,561.7586669921875,INR
2023-11-28 00:00:00+05:30,572.4000244140625,573.4000244140625,555.5,558.25,1375997,551.9700317382812,INR
2023-11-29 00:00:00+05:30,563.0,564.7000122070312,551.25,554.7999877929688,1285471,548.558837890625,INR
2023-11-30 00:00:00+05:30,555.5999755859375,562.5999755859375,551.5,558.0,3660273,551.7228393554688,INR
2023-12-01 00:00:00+05:30,563.5,566.0,556.0,562.1500244140625,2072845,555.826171875,INR
2023-12-04 00:00:00+05:30,565.0,571.7999877929688,559.0,562.3499755859375,1681465,556.0238647460938,INR
2023-12-05 00:00:00+05:30,562.7999877929688,579.9500122070312,562.5499877929688,578.75,1670248,572.2393798828125,INR
2023-12-06 00:00:00+05:30,583.0,585.5,569.0999755859375,572.3499755859375,836932,565.911376953125,INR
2023-12-07 00:00:00+05:30,575.4000244140625,584.5499877929688,573.0499877929688,577.25,837733,570.7562255859375,INR
2023-12-08 00:00:00+05:30,580.0,583.2999877929688,570.2999877929688,571.7999877929688,706183,565.3676147460938,INR
2023-12-11 00:00:00+05:30,571.7999877929688,573.0,566.25,570.0,378595,563.5877685546875,INR
2023-12-12 00:00:00+05:30,570.0,571.7000122070312,554.0499877929688,557.75,878426,551.4756469726562,INR
2023-12-13 00:00:00+05:30,562.5999755859375,562.5999755859375,552.5999755859375,555.9500122070312,807360,549.6958618164062,INR
2023-12-14 00:00:00+05:30,559.5999755859375,562.25,555.3499755859375,558.0999755859375,552515,551.8217163085938,INR
2023-12-15 00:00:00+05:30,560.0,562.6500244140625,548.5,552.7999877929688,1254239,546.581298828125,INR
2023-12-18 00:00:00+05:30,556.5,570.7999877929688,552.9500122070312,562.7000122070312,1685214,556.3699951171875,INR
2023-12-19 00:00:00+05:30,564.7000122070312,567.7999877929688,559.0999755859375,560.3499755859375,1918653,554.0463256835938,INR
2023-12-20 00:00:00+05:30,564.0,567.5,534.25,538.0,2182459,531.9478149414062,INR
2023-12-21 00:00:00+05:30,538.0,573.75,531.5999755859375,571.4000244140625,3442828,564.9721069335938,INR
2023-12-22 00:00:00+05:30,575.0,580.9000244140625,571.6500244140625,577.0,1187816,570.5090942382812,INR
2023-12-26 00:00:00+05:30,579.9500122070312,589.7999877929688,576.0,578.8499755859375,962004,572.3382568359375,INR
2023-12-27 00:00:00+05:30,582.0,625.7000122070312,581.0,614.5,10419288,607.5872192382812,INR
2023-12-28 00:00:00+05:30,618.0,636.8499755859375,608.0,631.7999877929688,7406636,624.6925659179688,INR
2023-12-29 00:00:00+05:30,639.0499877929688,651.6500244140625,633.0999755859375,644.5,4121670,637.2496948242188,INR
2024-01-01 00:00:00+05:30,646.0,657.9000244140625,639.5999755859375,645.6500244140625,2080698,638.3868408203125,INR
2024-01-02 00:00:00+05:30,646.0,651.7000122070312,630.0,641.7000122070312,1783141,634.4812622070312,INR
2024-01-03 00:00:00+05:30,643.5,643.8499755859375,630.0999755859375,638.0499877929688,1062492,630.8722534179688,INR
2024-01-04 00:00:00+05:30,640.25,669.9500122070312,638.3499755859375,648.5,3434482,641.2047729492188,INR
2024-01-05 00:00:00+05:30,650.8499755859375,662.8499755859375,644.1500244140625,647.0999755859375,1446002,639.8204956054688,INR
2024-01-08 00:00:00+05:30,648.0,649.25,635.5,638.0999755859375,801005,630.9216918945312,INR
2024-01-09 00:00:00+05:30,641.0999755859375,646.5,632.1500244140625,637.5499877929688,956631,630.3779296875,INR
2024-01-10 00:00:00+05:30,640.0,643.0,611.0499877929688,614.7000122070312,2299073,607.7849731445312,INR
2024-01-11 00:00:00+05:30,617.5,624.5,605.0499877929688,606.7000122070312,2528881,599.875,INR
2024-01-12 00:00:00+05:30,607.2999877929688,611.4000244140625,602.6500244140625,605.3499755859375,1518070,598.5401000976562,INR
2024-01-15 00:00:00+05:30,605.3499755859375,605.3499755859375,605.3499755859375,605.3499755859375,0,598.5401000976562,INR
2024-01-16 00:00:00+05:30,597.9500122070312,599.7999877929688,585.0,589.6500244140625,1419145,583.0167846679688,INR
2024-01-17 00:00:00+05:30,587.5,588.75,575.0,577.0999755859375,1370375,570.60791015625,INR
2024-01-18 00:00:00+05:30,577.0,581.25,562.0999755859375,576.9500122070312,1231476,570.4596557617188,INR
2024-01-19 00:00:00+05:30,581.5999755859375,587.6500244140625,574.0,584.9500122070312,1622887,578.3696899414062,INR
2024-01-23 00:00:00+05:30,590.0999755859375,591.5,571.25,579.9500122070312,1948854,573.4259033203125,INR
2024-01-24 00:00:00+05:30,599.0,599.0,578.5,585.7000122070312,2193213,579.1112060546875,INR
2024-01-25 00:00:00+05:30,585.25,590.5499877929688,578.5,585.4000244140625,1029950,578.8145751953125,INR
2024-01-29 00:00:00+05:30,590.0,599.0,587.0,597.2999877929688,1113808,590.5806884765625,INR
2024-01-30 00:00:00+05:30,597.3499755859375,608.4000244140625,591.6500244140625,596.9000244140625,1891243,590.1852416992188,INR
2024-01-31 00:00:00+05:30,596.9000244140625,620.0999755859375,593.1500244140625,618.2000122070312,2892565,611.24560546875,INR
2024-02-01 00:00:00+05:30,622.1500244140625,632.7000122070312,620.0,629.25,1660958,622.1712646484375,INR
2024-02-02 00:00:00+05:30,629.4000244140625,641.0,619.25,630.3499755859375,1737527,623.2589111328125,INR
2024-02-05 00:00:00+05:30,630.3499755859375,646.2000122070312,626.1500244140625,639.5,1141079,633.8444213867188,INR
2024-02-06 00:00:00+05:30,635.0999755859375,646.9000244140625,625.0,631.2999877929688,1086519,625.717041015625,INR
2024-02-07 00:00:00+05:30,635.0,636.5,621.8499755859375,627.4000244140625,567480,621.8515014648438,INR
2024-02-08 00:00:00+05:30,629.5,629.9500122070312,603.25,607.5499877929688,761555,602.1770629882812,INR
2024-02-09 00:00:00+05:30,607.0,621.8499755859375,590.7000122070312,619.3499755859375,794470,613.8726196289062,INR
2024-02-12 00:00:00+05:30,627.0,627.9000244140625,585.0,593.9500122070312,613057,588.697265625,INR
2024-02-13 00:00:00+05:30,593.9500122070312,599.1500244140625,581.25,583.4000244140625,544785,578.2406616210938,INR
2024-02-14 00:00:00+05:30,580.0,613.5,580.0,606.2999877929688,1259798,600.9381103515625,INR
2024-02-15 00:00:00+05:30,616.1500244140625,617.5,608.3499755859375,613.2000122070312,566335,607.777099609375,INR
2024-02-16 00:00:00+05:30,616.0,626.0999755859375,611.4500122070312,613.9000244140625,724514,608.4708251953125,INR
2024-02-19 00:00:00+05:30,618.0,623.2999877929688,612.0499877929688,614.7999877929688,743984,609.3629150390625,INR
2024-02-20 00:00:00+05:30,619.8499755859375,656.5,618.5999755859375,639.8499755859375,5326806,634.1913452148438,INR
2024-02-21 00:00:00+05:30,642.0,642.0,608.5,612.2999877929688,1516659,606.885009765625,INR
2024-02-22 00:00:00+05:30,615.0,616.9500122070312,605.7000122070312,612.9500122070312,1034652,607.529296875,INR
2024-02-23 00:00:00+05:30,642.7999877929688,652.0,617.2999877929688,649.25,4777513,643.5082397460938,INR
2024-02-26 00:00:00+05:30,650.0,669.8499755859375,643.0499877929688,664.0999755859375,2873080,658.2269287109375,INR
2024-02-27 00:00:00+05:30,666.0,694.7999877929688,665.0,688.0999755859375,4604527,682.0147094726562,INR
2024-02-28 00:00:00+05:30,689.0,691.5,655.0,660.7999877929688,2014512,654.9561157226562,INR
2024-02-29 00:00:00+05:30,654.0,718.8499755859375,653.0499877929688,689.3499755859375,8128571,683.2536010742188,INR
2024-03-01 00:00:00+05:30,693.3499755859375,696.0,668.2000122070312,671.3499755859375,1345119,665.412841796875,INR
2024-03-04 00:00:00+05:30,694.2000122070312,694.2000122070312,671.0,672.9500122070312,1516854,666.9986572265625,INR
2024-03-05 00:00:00+05:30,677.0,687.0,671.25,680.2000122070312,1165243,674.1846313476562,INR
2024-03-06 00:00:00+05:30,681.0,686.7000122070312,663.1500244140625,681.2999877929688,1282712,675.2747192382812,INR
2024-03-07 00:00:00+05:30,680.5,695.25,678.5,684.3499755859375,2177919,678.2978515625,INR
2024-03-11 00:00:00+05:30,690.0,715.2000122070312,682.5499877929688,701.3499755859375,2312254,695.1475219726562,INR
2024-03-12 00:00:00+05:30,703.4500122070312,708.0,679.5,686.9500122070312,1391629,680.8748168945312,INR
2024-03-13 00:00:00+05:30,684.0,688.0499877929688,603.6500244140625,642.5,6954030,636.8179321289062,INR
2024-03-14 00:00:00+05:30,629.2999877929688,648.0,622.0499877929688,638.9000244140625,2642690,633.249755859375,INR
2024-03-15 00:00:00+05:30,639.0,647.1500244140625,626.4000244140625,641.5999755859375,1970945,635.9259033203125,INR
2024-03-18 00:00:00+05:30,645.0,669.0999755859375,645.0,663.0499877929688,2360158,657.1861572265625,INR
2024-03-19 00:00:00+05:30,664.0,664.4000244140625,648.0,653.7999877929688,1064611,648.0179443359375,INR
2024-03-20 00:00:00+05:30,649.9000244140625,653.5499877929688,631.0999755859375,637.8499755859375,1353887,632.2090454101562,INR
2024-03-21 00:00:00+05:30,644.8499755859375,687.7000122070312,644.5999755859375,678.9000244140625,3073721,672.8960571289062,INR
2024-03-22 00:00:00+05:30,676.7999877929688,698.7000122070312,674.0499877929688,691.4500122070312,2338126,685.3350219726562,INR
2024-03-26 00:00:00+05:30,689.9000244140625,704.7000122070312,685.0999755859375,699.5999755859375,2601520,693.4129638671875,INR
2024-03-27 00:00:00+05:30,703.0,716.0,678.0,681.4500122070312,1814402,675.4235229492188,INR
2024-03-28 00:00:00+05:30,685.5999755859375,711.9000244140625,671.9500122070312,705.9500122070312,1914651,699.706787109375,INR
2024-04-01 00:00:00+05:30,709.9500122070312,714.0,682.9000244140625,684.2000122070312,1313357,678.149169921875,INR
2024-04-02 00:00:00+05:30,689.5999755859375,697.6500244140625,675.0,678.2000122070312,1237754,672.2022705078125,INR
2024-04-03 00:00:00+05:30,684.0999755859375,689.0,662.75,670.5,1790061,664.5703125,INR
2024-04-04 00:00:00+05:30,680.5499877929688,680.6500244140625,662.0,663.1500244140625,1361499,657.2853393554688,INR
2024-04-05 00:00:00+05:30,665.0,678.9000244140625,659.2000122070312,662.5999755859375,1073942,656.7401733398438,INR
2024-04-08 00:00:00+05:30,667.0,667.0,642.5,645.7999877929688,1321109,640.0887451171875,INR
2024-04-09 00:00:00+05:30,649.4000244140625,663.3499755859375,643.0,644.0,1378613,638.3046264648438,INR
2024-04-10 00:00:00+05:30,650.0,673.2000122070312,645.0,651.7000122070312,2534713,645.9365844726562,INR
2024-04-12 00:00:00+05:30,665.0,706.0999755859375,660.0999755859375,680.0,9623414,673.9862670898438,INR
2024-04-15 00:00:00+05:30,662.0499877929688,679.0,652.0,665.9500122070312,1527913,660.0606079101562,INR
2024-04-16 00:00:00+05:30,660.0,687.9000244140625,658.0999755859375,677.4000244140625,1533800,671.4093017578125,INR
2024-04-18 00:00:00+05:30,688.0,691.0,673.5999755859375,677.5,1354164,671.5084228515625,INR
2024-04-19 00:00:00+05:30,669.9500122070312,687.7000122070312,660.0499877929688,681.25,1542489,675.2252197265625,INR
2024-04-22 00:00:00+05:30,671.0,680.9500122070312,656.8499755859375,661.2000122070312,1125028,655.3526000976562,INR
2024-04-23 00:00:00+05:30,666.0,673.7999877929688,654.25,665.0999755859375,1516622,659.218017578125,INR
2024-04-24 00:00:00+05:30,668.4500122070312,681.0,665.0499877929688,666.7999877929688,1410198,660.9029541015625,INR
2024-04-25 00:00:00+05:30,666.5,673.7000122070312,659.0999755859375,667.4000244140625,1254468,661.497802734375,INR
2024-04-26 00:00:00+05:30,667.4000244140625,671.25,646.5,647.7000122070312,1311938,641.9719848632812,INR
2024-04-29 00:00:00+05:30,650.0,654.2000122070312,633.2000122070312,636.8499755859375,1663062,631.2178955078125,INR
2024-04-30 00:00:00+05:30,638.8499755859375,642.0,624.0,625.3499755859375,2251053,619.819580078125,INR
2024-05-02 00:00:00+05:30,647.0,647.0,604.6500244140625,608.25,3894011,602.8707885742188,INR
2024-05-03 00:00:00+05:30,614.4500122070312,620.9000244140625,607.0,610.25,2226760,604.8531494140625,INR
2024-05-06 00:00:00+05:30,615.0,619.0,605.5499877929688,606.6500244140625,796509,601.2849731445312,INR
2024-05-07 00:00:00+05:30,608.0,616.5499877929688,600.2000122070312,614.2999877929688,1836754,608.8673095703125,INR
2024-05-08 00:00:00+05:30,613.9000244140625,618.1500244140625,606.0,614.5,897463,609.0655517578125,INR
2024-05-09 00:00:00+05:30,615.5,623.0,600.7000122070312,605.5,1644309,600.1451416015625,INR
2024-05-10 00:00:00+05:30,608.4500122070312,609.4000244140625,588.0,590.2000122070312,1625619,584.98046875,INR
2024-05-13 00:00:00+05:30,590.9500122070312,591.5,565.0,570.6500244140625,3818228,565.6034545898438,INR
2024-05-14 00:00:00+05:30,571.7999877929688,582.75,567.9000244140625,579.7000122070312,1646972,574.5733642578125,INR
2024-05-15 00:00:00+05:30,585.9500122070312,608.0,581.4000244140625,604.5499877929688,3613180,599.20361328125,INR
2024-05-16 00:00:00+05:30,610.5999755859375,612.9500122070312,601.8499755859375,605.0499877929688,1031717,599.6990966796875,INR
2024-05-17 00:00:00+05:30,605.0499877929688,614.0,598.1500244140625,612.75,1271390,607.3309936523438,INR
2024-05-21 00:00:00+05:30,613.0,643.0,608.5999755859375,637.2999877929688,3302217,631.6639404296875,INR
2024-05-22 00:00:00+05:30,639.7000122070312,647.9000244140625,631.0499877929688,633.0999755859375,1223389,627.5010375976562,INR
2024-05-23 00:00:00+05:30,633.7999877929688,641.75,626.4000244140625,627.7000122070312,935640,622.1488647460938,INR
2024-05-24 00:00:00+05:30,627.6500244140625,639.4000244140625,625.9000244140625,630.4000244140625,1399970,624.824951171875,INR
2024-05-27 00:00:00+05:30,633.75,640.5999755859375,628.0499877929688,636.2999877929688,956197,630.6727905273438,INR
2024-05-28 00:00:00+05:30,638.0,643.75,617.0,620.9000244140625,783966,615.4089965820312,INR
2024-05-29 00:00:00+05:30,623.4000244140625,633.2999877929688,610.5499877929688,630.7000122070312,1091008,625.1223754882812,INR
2024-05-30 00:00:00+05:30,624.0,644.9000244140625,618.5,638.0499877929688,1758146,632.4072875976562,INR
2024-05-31 00:00:00+05:30,640.0,657.0,616.5999755859375,651.0999755859375,6813576,645.3418579101562,INR
2024-06-03 00:00:00+05:30,675.0,676.0,655.7999877929688,658.5499877929688,1400844,652.7260131835938,INR
2024-06-04 00:00:00+05:30,659.0,659.9500122070312,605.0,633.5,2563435,627.8975219726562,INR
2024-06-05 00:00:00+05:30,635.0,665.0499877929688,614.0999755859375,661.4000244140625,1555292,655.5508422851562,INR
2024-06-06 00:00:00+05:30,664.7999877929688,672.9500122070312,652.0,657.0,698455,651.189697265625,INR
2024-06-07 00:00:00+05:30,655.0,665.9500122070312,650.0999755859375,664.4500122070312,843536,658.5738525390625,INR
2024-06-10 00:00:00+05:30,670.0,672.0999755859375,658.4000244140625,660.2000122070312,865101,654.3614501953125,INR
2024-06-11 00:00:00+05:30,663.75,666.0,648.7999877929688,651.2999877929688,506267,645.5401000976562,INR
2024-06-12 00:00:00+05:30,654.5,668.3499755859375,654.5,662.3499755859375,1327291,656.4923706054688,INR
2024-06-13 00:00:00+05:30,660.4000244140625,664.5999755859375,651.0,651.9000244140625,996441,646.1348266601562,INR
2024-06-14 00:00:00+05:30,652.0,654.9000244140625,640.1500244140625,648.2999877929688,1704350,644.0782470703125,INR
2024-06-18 00:00:00+05:30,654.0,662.0,637.6500244140625,641.2999877929688,1549934,637.1238403320312,INR
2024-06-19 00:00:00+05:30,653.0,664.2999877929688,641.0,642.9000244140625,2423762,638.7134399414062,INR
2024-06-20 00:00:00+05:30,642.9000244140625,644.0999755859375,633.0999755859375,637.7000122070312,968158,633.54736328125,INR
2024-06-21 00:00:00+05:30,639.9000244140625,643.1500244140625,626.5,629.0499877929688,1369141,624.9536743164062,INR
2024-06-24 00:00:00+05:30,629.0499877929688,640.9000244140625,625.0999755859375,637.5499877929688,616902,633.3983154296875,INR
2024-06-25 00:00:00+05:30,637.5499877929688,639.0999755859375,629.0,633.9000244140625,441400,629.7720947265625,INR
2024-06-26 00:00:00+05:30,633.9000244140625,648.0,629.0499877929688,640.0999755859375,926986,635.9317016601562,INR
2024-06-27 00:00:00+05:30,650.0,651.9000244140625,640.25,647.3499755859375,1142754,643.1344604492188,INR
2024-06-28 00:00:00+05:30,649.0,649.0,636.2000122070312,641.0,717115,636.8258056640625,INR
2024-07-01 00:00:00+05:30,644.75,672.0,641.8499755859375,669.5999755859375,2073935,665.2395629882812,INR
2024-07-02 00:00:00+05:30,672.5,684.2999877929688,667.0,670.9500122070312,1591881,666.580810546875,INR
2024-07-03 00:00:00+05:30,673.0,683.9000244140625,661.5,670.7999877929688,942172,666.4317626953125,INR
2024-07-04 00:00:00+05:30,671.0499877929688,678.9000244140625,660.0,666.9000244140625,769961,662.5571899414062,INR
2024-07-05 00:00:00+05:30,666.9000244140625,666.9000244140625,652.9000244140625,656.9000244140625,1169183,652.622314453125,INR
2024-07-08 00:00:00+05:30,656.4500122070312,681.9000244140625,656.0,675.0499877929688,1506819,670.654052734375,INR
2024-07-09 00:00:00+05:30,676.9000244140625,690.0,676.5499877929688,680.1500244140625,1670930,675.7208862304688,INR
2024-07-10 00:00:00+05:30,680.1500244140625,692.9000244140625,662.6500244140625,689.9500122070312,1838313,685.45703125,INR
2024-07-11 00:00:00+05:30,692.9000244140625,744.2999877929688,692.0,719.9000244140625,11050793,715.2120361328125,INR
2024-07-12 00:00:00+05:30,720.0,738.25,715.5499877929688,724.4000244140625,2612054,719.6827392578125,INR
2024-07-15 00:00:00+05:30,731.5999755859375,764.5,712.0499877929688,725.4500122070312,3439391,720.7258911132812,INR
2024-07-16 00:00:00+05:30,727.5999755859375,731.0999755859375,708.5,714.1500244140625,792233,709.49951171875,INR
2024-07-18 00:00:00+05:30,710.0,721.9000244140625,701.75,711.5,1328438,706.8667602539062,INR
2024-07-19 00:00:00+05:30,711.0,711.0,682.0,693.5,1129597,688.9839477539062,INR
2024-07-22 00:00:00+05:30,686.9500122070312,710.0,678.0,708.0,1191022,703.3895263671875,INR
2024-07-23 00:00:00+05:30,708.0,710.5,681.7000122070312,698.0499877929688,1200719,693.5042724609375,INR
2024-07-24 00:00:00+05:30,703.0,705.0,686.0,687.4500122070312,487844,682.9733276367188,INR
2024-07-25 00:00:00+05:30,699.0,718.0,688.75,697.9000244140625,3355349,693.3553466796875,INR
2024-07-26 00:00:00+05:30,704.8499755859375,715.2999877929688,688.0,690.25,1069519,685.755126953125,INR
2024-07-29 00:00:00+05:30,695.8499755859375,696.2999877929688,680.0499877929688,685.0499877929688,1145859,680.5889282226562,INR
2024-07-30 00:00:00+05:30,693.0499877929688,703.0,676.1500244140625,679.0,1868439,674.578369140625,INR
2024-07-31 00:00:00+05:30,682.7000122070312,683.4500122070312,666.6500244140625,679.25,1659742,674.8267822265625,INR
2024-08-01 00:00:00+05:30,679.0,683.0999755859375,668.25,672.5499877929688,792866,668.1703491210938,INR
2024-08-02 00:00:00+05:30,664.9000244140625,693.0,663.4000244140625,689.2000122070312,1217493,684.7119140625,INR
2024-08-05 00:00:00+05:30,671.0,676.75,647.5999755859375,658.3499755859375,3095537,654.0628051757812,INR
2024-08-06 00:00:00+05:30,655.5499877929688,674.7999877929688,648.5999755859375,651.3499755859375,721444,647.1083984375,INR
2024-08-07 00:00:00+05:30,669.4500122070312,669.4500122070312,650.0499877929688,655.6500244140625,528032,651.3804321289062,INR
2024-08-08 00:00:00+05:30,657.4000244140625,667.8499755859375,648.7000122070312,655.2999877929688,1150238,651.0326538085938,INR
2024-08-09 00:00:00+05:30,663.4000244140625,689.0,662.25,678.7999877929688,2076432,674.379638671875,INR
2024-08-12 00:00:00+05:30,670.0999755859375,677.3499755859375,660.0999755859375,665.6500244140625,1234517,661.3153076171875,INR
2024-08-13 00:00:00+05:30,665.0,675.2000122070312,657.0999755859375,659.5,721791,655.2053833007812,INR
2024-08-14 00:00:00+05:30,665.4500122070312,667.75,643.75,652.3499755859375,1816896,648.1019287109375,INR
2024-08-16 00:00:00+05:30,656.7000122070312,691.2999877929688,656.4000244140625,686.7000122070312,1924721,682.2282104492188,INR
2024-08-19 00:00:00+05:30,693.9000244140625,695.5999755859375,679.0,690.4000244140625,553062,685.9041748046875,INR
2024-08-20 00:00:00+05:30,694.75,702.2000122070312,681.5999755859375,699.5999755859375,666703,695.0442504882812,INR
2024-08-21 00:00:00+05:30,700.0,701.75,680.2000122070312,681.9500122070312,980338,677.5091552734375,INR
2024-08-22 00:00:00+05:30,684.9000244140625,695.4500122070312,684.2999877929688,689.9500122070312,783372,685.45703125,INR
2024-08-23 00:00:00+05:30,689.8499755859375,700.25,685.2999877929688,695.3499755859375,740655,690.8218994140625,INR
2024-08-26 00:00:00+05:30,695.6500244140625,719.5,690.1500244140625,715.7000122070312,1494572,711.0393676757812,INR
2024-08-27 00:00:00+05:30,719.2999877929688,736.9000244140625,696.2999877929688,707.4500122070312,2966671,702.8430786132812,INR
2024-08-28 00:00:00+05:30,705.0,717.9500122070312,697.0,700.0999755859375,1089403,695.5409545898438,INR
2024-08-29 00:00:00+05:30,700.1500244140625,722.2999877929688,686.0,689.1500244140625,1577836,684.6622924804688,INR
2024-08-30 00:00:00+05:30,691.9500122070312,698.7000122070312,678.0,683.3499755859375,2415730,678.9000244140625,INR
2024-09-02 00:00:00+05:30,685.0,729.9000244140625,682.5,715.0499877929688,5417373,710.3936157226562,INR
2024-09-03 00:00:00+05:30,722.0,736.5,707.0,710.7999877929688,2659537,706.1712646484375,INR
2024-09-04 00:00:00+05:30,703.3499755859375,732.5999755859375,701.5,722.4000244140625,2386638,717.69580078125,INR
2024-09-05 00:00:00+05:30,750.0,752.4000244140625,721.7000122070312,733.8499755859375,5450342,729.0711669921875,INR
2024-09-06 00:00:00+05:30,737.8499755859375,737.8499755859375,716.0,718.9000244140625,2095248,714.2185668945312,INR
2024-09-09 00:00:00+05:30,714.9000244140625,714.9000244140625,685.5999755859375,700.1500244140625,1527955,695.5906982421875,INR
2024-09-10 00:00:00+05:30,707.2000122070312,725.7999877929688,703.9000244140625,713.4000244140625,2571346,708.75439453125,INR
2024-09-11 00:00:00+05:30,719.9500122070312,738.3499755859375,715.5999755859375,725.4000244140625,2358392,720.67626953125,INR
2024-09-12 00:00:00+05:30,719.0,737.7999877929688,718.9000244140625,726.0499877929688,1373502,721.3219604492188,INR
2024-09-13 00:00:00+05:30,731.8499755859375,746.0,721.7000122070312,724.25,1394286,719.5337524414062,INR
2024-09-16 00:00:00+05:30,730.0,737.5,725.0,733.6500244140625,684524,728.87255859375,INR
2024-09-17 00:00:00+05:30,738.0,758.6500244140625,735.9500122070312,745.4000244140625,3270902,740.5460205078125,INR
2024-09-18 00:00:00+05:30,742.0,750.7000122070312,711.2000122070312,717.5499877929688,2317400,712.8773193359375,INR
2024-09-19 00:00:00+05:30,723.2999877929688,738.7999877929688,698.0,728.5,1576534,723.7560424804688,INR
2024-09-20 00:00:00+05:30,732.0,759.4500122070312,725.0499877929688,748.3499755859375,5302786,743.4767456054688,INR
2024-09-23 00:00:00+05:30,763.3499755859375,768.6500244140625,743.75,750.2000122070312,1628786,745.314697265625,INR
2024-09-24 00:00:00+05:30,749.0,753.9500122070312,734.0499877929688,735.9000244140625,943870,731.1078491210938,INR
2024-09-25 00:00:00+05:30,735.0,736.4500122070312,714.0499877929688,730.0499877929688,2492409,725.2958984375,INR
2024-09-26 00:00:00+05:30,742.9500122070312,755.4500122070312,730.0,744.0999755859375,4039878,739.25439453125,INR
2024-09-27 00:00:00+05:30,743.9500122070312,743.9500122070312,730.8499755859375,735.4500122070312,1177716,730.6607666015625,INR
2024-09-30 00:00:00+05:30,734.0,746.2999877929688,728.6500244140625,743.4000244140625,864479,738.5590209960938,INR
2024-10-01 00:00:00+05:30,742.0,745.7000122070312,728.1500244140625,731.0499877929688,1344430,726.2894287109375,INR
2024-10-03 00:00:00+05:30,716.25,722.6500244140625,703.0,706.5999755859375,1381904,701.9986572265625,INR
2024-10-04 00:00:00+05:30,711.0,711.0,686.5499877929688,696.7999877929688,1983326,692.262451171875,INR
2024-10-07 00:00:00+05:30,694.0,694.5,664.2999877929688,675.4500122070312,3099047,671.051513671875,INR
2024-10-08 00:00:00+05:30,668.5999755859375,680.9500122070312,666.1500244140625,673.4500122070312,1549976,669.0645751953125,INR
2024-10-09 00:00:00+05:30,682.0,694.0,670.5999755859375,673.0999755859375,1574020,668.716796875,INR
2024-10-10 00:00:00+05:30,675.0,682.0,665.0,670.7999877929688,2571951,666.4317626953125,INR
2024-10-11 00:00:00+05:30,675.0,677.0,661.5,665.0999755859375,761195,660.7688598632812,INR
2024-10-14 00:00:00+05:30,666.6500244140625,668.25,656.5999755859375,660.0999755859375,1692063,655.8014526367188,INR
2024-10-15 00:00:00+05:30,665.9500122070312,669.9500122070312,655.2000122070312,656.7999877929688,1137736,652.5228881835938,INR
2024-10-16 00:00:00+05:30,659.0,666.5499877929688,652.9000244140625,662.5499877929688,1224255,658.2354736328125,INR
2024-10-17 00:00:00+05:30,663.5499877929688,665.4000244140625,643.2000122070312,648.5999755859375,2594238,644.3763427734375,INR
2024-10-18 00:00:00+05:30,648.5999755859375,653.7000122070312,635.0,637.2999877929688,1557380,633.1499633789062,INR
2024-10-21 00:00:00+05:30,637.2999877929688,639.0,626.8499755859375,633.5499877929688,2147746,629.4243774414062,INR
2024-10-22 00:00:00+05:30,639.0,649.7000122070312,632.0499877929688,635.3499755859375,3989483,631.2125854492188,INR
2024-10-23 00:00:00+05:30,630.1500244140625,654.7000122070312,629.0499877929688,644.0999755859375,1610895,639.9056396484375,INR
2024-10-24 00:00:00+05:30,664.0,744.9000244140625,663.75,729.4500122070312,27594688,724.6998291015625,INR
2024-10-25 00:00:00+05:30,727.5,732.2999877929688,695.0,699.25,2648854,694.696533203125,INR
2024-10-28 00:00:00+05:30,699.25,709.7999877929688,684.0499877929688,690.8499755859375,4605722,686.3511962890625,INR
2024-10-29 00:00:00+05:30,691.7999877929688,703.2999877929688,670.5499877929688,686.2000122070312,1177278,681.7314453125,INR
2024-10-30 00:00:00+05:30,682.0,692.6500244140625,679.0,685.25,2147148,680.7876586914062,INR
2024-10-31 00:00:00+05:30,683.0,691.0,669.7999877929688,685.7000122070312,984886,681.2347412109375,INR
2024-11-01 00:00:00+05:30,686.4500122070312,720.0,686.4500122070312,697.2000122070312,321861,692.6598510742188,INR
2024-11-04 00:00:00+05:30,700.8499755859375,700.8499755859375,680.4500122070312,688.9000244140625,696834,684.4139404296875,INR
2024-11-05 00:00:00+05:30,687.7999877929688,697.75,675.25,688.9000244140625,1178166,684.4139404296875,INR
2024-11-06 00:00:00+05:30,692.0,716.5499877929688,690.0,709.3499755859375,1939077,704.730712890625,INR
2024-11-07 00:00:00+05:30,709.7000122070312,720.9000244140625,703.2999877929688,704.6500244140625,955455,700.0613403320312,INR
2024-11-08 00:00:00+05:30,707.7999877929688,709.9000244140625,698.25,704.0,1522921,699.4155883789062,INR
2024-11-11 00:00:00+05:30,701.0,714.5999755859375,690.0,699.2000122070312,730090,694.6467895507812,INR
2024-11-12 00:00:00+05:30,699.2000122070312,707.7999877929688,679.0999755859375,684.0499877929688,892443,679.595458984375,INR
2024-11-13 00:00:00+05:30,680.0,680.5499877929688,662.1500244140625,665.9500122070312,980137,661.6134033203125,INR
2024-11-14 00:00:00+05:30,678.7000122070312,682.9500122070312,660.5499877929688,668.6500244140625,756869,664.2957763671875,INR
2024-11-18 00:00:00+05:30,679.0,679.0,658.6500244140625,667.75,943201,663.401611328125,INR
2024-11-19 00:00:00+05:30,667.9500122070312,696.5999755859375,667.9500122070312,680.4000244140625,1167001,675.9692993164062,INR
2024-11-21 00:00:00+05:30,680.4000244140625,694.8499755859375,674.0,683.9000244140625,1491622,679.4464721679688,INR
2024-11-22 00:00:00+05:30,683.9000244140625,691.0,675.0,685.7000122070312,760433,681.2347412109375,INR
2024-11-25 00:00:00+05:30,694.0,701.0,667.0,672.5,2637722,668.1207275390625,INR
2024-11-26 00:00:00+05:30,672.5,690.4000244140625,672.2999877929688,675.8499755859375,1043903,671.4488525390625,INR
2024-11-27 00:00:00+05:30,683.7999877929688,683.7999877929688,668.2999877929688,673.7999877929688,673597,669.4122314453125,INR
2024-11-28 00:00:00+05:30,675.7000122070312,679.0,663.2000122070312,664.7000122070312,718669,660.3715209960938,INR
2024-11-29 00:00:00+05:30,666.0,674.4500122070312,658.1500244140625,671.5999755859375,1776675,667.2265625,INR
2024-12-02 00:00:00+05:30,671.0,685.0,668.0,676.0499877929688,1089452,671.6475830078125,INR
2024-12-03 00:00:00+05:30,680.7000122070312,680.7000122070312,670.0,672.7000122070312,671497,668.3194580078125,INR
2024-12-04 00:00:00+05:30,673.0,697.4500122070312,671.2000122070312,689.1500244140625,1860493,684.6622924804688,INR
2024-12-05 00:00:00+05:30,692.7000122070312,692.7000122070312,667.2999877929688,675.0,1369054,670.6044311523438,INR
2024-12-06 00:00:00+05:30,678.4000244140625,678.4000244140625,667.0999755859375,669.0,659081,664.6434936523438,INR
2024-12-09 00:00:00+05:30,669.0,675.9500122070312,658.5999755859375,659.6500244140625,1236327,655.3543701171875,INR
2024-12-10 00:00:00+05:30,660.5,660.5,638.0,645.5499877929688,1789953,641.3461303710938,INR
2024-12-11 00:00:00+05:30,646.5,649.0499877929688,640.25,641.75,857593,637.5709228515625,INR
2024-12-12 00:00:00+05:30,643.7999877929688,645.3499755859375,632.0,635.4000244140625,1489548,631.2623291015625,INR
2024-12-13 00:00:00+05:30,635.0,639.5,626.0999755859375,631.7999877929688,896237,627.6857299804688,INR
2024-12-16 00:00:00+05:30,631.9000244140625,634.0499877929688,618.2000122070312,631.6500244140625,2255182,627.5367431640625,INR
2024-12-17 00:00:00+05:30,632.4000244140625,640.0999755859375,617.2999877929688,621.4000244140625,3150407,617.3534545898438,INR
2024-12-18 00:00:00+05:30,617.7999877929688,622.7999877929688,601.4500122070312,611.1500244140625,3565082,607.1702270507812,INR
2024-12-19 00:00:00+05:30,602.5,617.4500122070312,598.0,609.5999755859375,1964594,605.6303100585938,INR
2024-12-20 00:00:00+05:30,609.5999755859375,614.4500122070312,586.5499877929688,588.4500122070312,1590527,584.6180419921875,INR
2024-12-23 00:00:00+05:30,590.5499877929688,593.9500122070312,580.8499755859375,584.1500244140625,1077200,580.3460693359375,INR
2024-12-24 00:00:00+05:30,584.1500244140625,597.4000244140625,581.0499877929688,594.9500122070312,1606488,591.0757446289062,INR
2024-12-26 00:00:00+05:30,595.0,599.25,587.25,593.5499877929688,1481714,589.684814453125,INR
2024-12-27 00:00:00+05:30,592.0,601.9000244140625,589.2999877929688,600.3499755859375,876891,596.4404907226562,INR
2024-12-30 00:00:00+05:30,600.5,601.0,593.6500244140625,599.25,1822923,595.3477172851562,INR
